,0
CYTDK2,3.185007813044649e-12
XPPT,1.476985200810077e-12
HXPRT,1.476985200810077e-12
NDPK5,0.022947509124823098
SHK3Dr,5.295763827461997e-14
NDPK6,7.78499487097406e-12
NDPK8,0.022947509115423415
DHORTS,1.9184653865522705e-13
OMPDC,1.0302869668521453e-13
PYNP2r,0.02294750911751971
G5SD,1.836530927334934e-12
CS,1.0729195309977513e-11
ICDHyr,1.1959322421262186e-11
ALATA_L2,8.157051423207662e-13
DURIPP,0.022947509114044074
ACALD,4.496107190258652e-12
PTRCTA,1.4724332864091139e-12
ACS,1.2505552149377763e-12
CYSDS,6.635803018184561e-13
MAN6PI,1.1013412404281553e-13
PPA,0.022947509116173048
APRAUR,2.0614152745901393e-14
TRPAS2,2.4830901224071056e-12
PPCK,2.4158453015843406e-13
ME1,1.48991929904696e-12
DB4PS,4.117279434057153e-14
ALAR,3.1097346919750635e-12
RBFK,2.3139823390749825e-13
ALATA_L,1999.1186125375175
XYLK,0.0
RBK,4.988010005035903e-12
GLYK,5.939790326259242e-12
PPM,999.9994097808793
ASPTA,8.990674871256488e-11
ACP1_FMN,4.89253082491814e-12
RBFSb,4.5066814863270466e-14
NDP3,4.9036330551643914e-12
CDPPH,4.905909012364873e-12
NDP7,4.888534022029489e-12
FBP,4.894615962536264e-12
EX_pi_e,1.7568169141668477e-12
GLGC,4.902744876744691e-12
ALATA_D2,2.961988293526119e-12
PYK,2.2758138902045175
SHCHD2,0.0
EX_co2_e,2.1813661987835076e-12
A5PISO,4.311828671887952e-14
PMDPHT,6.72712753557736e-14
CPPPGO,1.8978742188924258e-14
EX_met__L_e,0.0
GTHOr,0.21704102463810004
ILETA,2.190247982980509e-12
DHORD5,0.29010629354668716
EX_metsox_S__L_e,0.0
GLYCTO2,5.5564441936439835e-12
VALTA,1999.1186125375175
GLYCTO3,5.4907745017374054e-12
IPPMIb,7.402967128200544e-13
GLYCTO4,3.0873081868776353e-12
ORPT,2.0694002067500605e-12
RBFSa,1.254387219096209e-13
ACHBS,1.8207657603852567e-14
PFK_3,8.451763770254388
DHAD2,3.708144902248023e-14
ACLS,1.0114131754335176e-13
TRPS2,1.2494449919131512e-12
PSCVT,5.3013149425851225e-14
G3PD5,8.235634396669411e-13
G1PP,2.2222224060897133e-12
PFL,7.755573960821494e-12
EX_acgam_e,0.0
ANS,4.787142904305597e-14
FRD2,38.28914805269751
FRD3,37.99704395949395
ANPRT,4.498484917903056e-14
POX,1.291411422243982e-12
CHORM,1.7541523789077473e-14
PTAr,2.3021584638627246e-12
CHORS,1.7430501486614958e-14
IGPS,4.498484917903056e-14
ACKr,1.8417267710901797e-11
EX_cellb_e,0.0
EX_crn_e,0.0
EX_hxan_e,0.0
EX_ile__L_e,0.0
EX_chol_e,0.0
EX_fe3_e,999.9859145477468
LEUTAi,9.603429163007604e-14
EX_lac__L_e,2.318145675417327e-13
EX_leu__L_e,0.0
EX_glcn_e,0.0
EX_no3_e,0.0
EX_h_e,999.9859145477396
DMATT,1.3010426069826053e-18
EX_orn_e,1.4960255256823984e-13
GRTT,1.3010426069826053e-18
EX_gln__L_e,0.0
UPP3S,8.995408584677733e-15
EX_pro__L_e,0.0
EX_glyc_e,1.7053025658242404e-13
UPPDC1,9.04571556548106e-15
EX_man_e,0.0
TMDPP,0.0
EX_ade_e,0.0
EX_mn2_e,0.0
EX_4abut_e,1.4328815911568427e-13
EX_ac_e,0.0
EX_akg_e,1.6736612096224235e-13
EX_ala__L_e,1.452310494087783e-13
EX_arg__L_e,0.0
EX_asp__L_e,2.5424107263916085e-13
EX_pyr_e,2.7827132959012957e-13
EX_succ_e,1.4327428132787645e-13
EX_thymd_e,0.0
EX_rib__D_e,0.0
EX_tyr__L_e,0.0
EX_cytd_e,0.0
EX_dcyt_e,0.0
MOAT,0.0
EX_fum_e,1.8030021919912542e-13
EX_sbt__D_e,0.0
EX_glu__L_e,0.0
UDCPDPS,0.0
ECOAH6,2.48245868306185e-13
USHD,4.964778588245622e-15
EX_gua_e,0.0
ENO,1.0729195309977513e-11
FBA,8.45176377025566
HCO3E,1.5556445021047693e-12
MGSA,4.889560978327268e-13
IMPC,1.2395640069939873e-13
IMPD,1.878497357665765e-12
PPS,0.0
ECOAH4,9.902079156631771e-13
LPADSS,0.0
GLUTRS,3.9419856268096964e-14
TDSK,0.0
PGI,3.928413150333654e-12
TMPPP,0.0
EX_btn_e,0.0
PGK,4.128253294766182e-12
EX_ptrc_e,1.3694601008751306e-13
EDA,1.906919067096169e-12
EX_spmd_e,0.0
EX_thym_e,0.0
EX_xtsn_e,0.0
NTPP1,1.5134560271690134e-12
URIK1,3.169020601490047e-12
URIK2,3.741895682196628e-12
NTPP2,5.850875339774575e-13
PGL,4.128253294766182e-12
NTPTP1,8.759208636188731e-13
NTPTP2,6.195044477408373e-13
CYTDK1,3.154809746774845e-12
RPE,2.7491342535768126e-12
DHQTi,3.519406988061746e-14
IPMD,9.781064846947629e-14
AIRC3,1.7319479184152442e-13
TALA,8.451763770254715
PUNP1,0.022947509115793414
PUNP2,0.02294750911539233
PUNP3,0.02294750911388783
ADSL2r,1.9068080447937064e-13
TKT1,1.8964829706646924e-12
EX_fe2_e,999.9859145477415
PUNP5,1.6830981053317373e-12
PUNP6,2.7688858150742846e-12
PUNP7,6.166178678768119e-13
G6PDA,2.6348367931916528e-12
RNDR1,2.7272351044160814e-12
ALCD2x,1.900701818158268e-13
RNDR3,7.772782417703183e-12
RNDR4,7.89314794080731e-12
ALDD2y,2.349527979580065e-12
TMDS,1.1278131206715614e-13
RMI,0.0
TMDK1,2.7284841053187847e-12
LYSAM,0.0
PPCDC,7.410521848938423e-16
FTHFD,4.421017805317229e-12
EX_glc__D_e,5.684341886080802e-14
DHAD1,1.2922996006636822e-13
IPPMIa,9.603429163007604e-14
EX_alltn_e,0.0
G3PD7,8.131412210232725e-13
EDD,8.970602038971265e-13
EX_ura_e,1.030009411095989e-13
NADH9,2.682298827494378e-12
EX_val__L_e,1.3367085216486885e-13
NADH10,8.260059303211165e-13
ADK4,1.55964130499342e-12
INSK,2.7426949600339867e-12
MDH,6.268763286243484e-12
ABTA,4.320099833421321e-12
EX_xan_e,0.0
FUM,6.268763286243484e-12
FMNAT,1.2934098236883074e-14
PYDXNK,2.7426949600339867e-12
PYAM5PO,2.111557456663249e-12
SSALx,1.723066134218243e-12
ASPT,3.105071755271638e-12
OHPBAT,2.144470798853826e-12
SERD_L,2.956884737059795e-12
EX_dgsn_e,0.0
NADDP,1.4769296896588457e-12
EX_arab__L_e,1.0036416142611415e-13
EX_fru_e,0.0
THRD,4.18554080283684e-13
HEX4,2.7426949600339867e-12
EX_gal_e,0.0
NMNAT,1.4769296896588457e-12
EX_xyl__D_e,1.0036416142611415e-13
KARA1,1.6342482922482304e-13
HMPK1,0.0
KARA2,4.884981308350689e-14
EX_duri_e,0.0
EX_for_e,4.465451446111768e-13
EX_gly_e,4.3853809472693683e-13
EX_h2_e,0.0
EX_lys__L_e,0.0
ACCOAC,1.0658141036401503e-12
NADK,1.1063372440389685e-12
GLXCL,1.0746958878371515e-12
ICHORS_copy2,1000.0
SUCBZS,0.0
DHBD,0.0
ICHORT,0.0
EX_ser__L_e,2.238487173400472e-13
EX_thm_e,0.0
EX_trp__L_e,0.0
GLUTRR,4.371503159461554e-16
GLCS1,2.7711166694643907e-12
GLCP,2.7711166694643907e-12
EX_din_e,0.0
RBK_L1,0.0
RBP4E,0.0
TARTD,0.0
NTD2,0.02294750911584999
GLCRAL,0.0
NTD4,2.7711166694643907e-12
NTD5,3.424815986363683e-12
EX_fmn_e,0.0
EX_gthox_e,0.0
KAS14,6.727951529228449e-13
HEMEOS,0.0
ADMDC,0.0
AGMT,1.8635093468333253e-13
NTD6,0.02294750911269607
LGTHL,1.2436718321851004e-12
PYDXPP,1.4637180356658064e-12
PDXPP,5.684341886080801e-13
ARGDC,4.954370247389761e-13
HACD6,4.860001290296623e-13
ECOAH1,5.566658245470535e-13
ECOAH2,5.566658245470535e-13
ARGSS,2.378652830259398e-13
AGPR,2.7711166694643907e-13
SPMS,0.0
G1SAT,1.4103301859691442e-13
KDOCT2,1.9220736113823023e-15
ECOAH3,4.963807143099075e-13
UGLT,0.0
EDTXS1,0.0
DXPS,6.609990332862026e-14
OAADC,3.5500491435414006e-12
MNNH,0.0
CDPMEK,6.609990332862026e-14
EDTXS2,0.0
ALTRH,0.0
MECDPS,6.609990332862026e-14
GUI1,0.0
EDTXS3,0.0
PGAMT,2.708944180085382e-13
DDGLK,1.496580637194711e-13
EDTXS4,0.0
XYLI2,1.0274447959091049e-11
PMANM,2.7284841053187847e-12
ICL,3.2103208980061027e-12
UAGDP,2.6978419498391304e-13
UAGCVT,1.3489903638586043e-13
GLUR,1.7008616737257398e-13
EX_tmao_e,0.0
UAG2E,0.0
EX_acald_e,2.3092638912203256e-13
GLYCL,2.2726265314076954e-12
CMPN,1.242284053404319e-12
NNDPR,4.618527782440651e-14
HCYSMT,5.728681418126769e-13
EX_melib_e,0.0
MACPD,2.2390422849127845e-13
DMQMT,0.0
UDPG4E,0.0
LACZ,0.0
TRE6PH,0.0
XYLI1,0.0
PPC,8.145484287069849e-12
ICHORS_copy1,1000.0
EX_sucr_e,0.0
ALDD4,0.0
HACD4,1.2790324355194116e-12
G3PT,2.2737367544323206e-12
CINNDO,0.0
DHPPD,0.0
EX_tre_e,0.0
EX_zn2_e,1.1384122811097797e-18
HACD5,1.4981904605804175e-12
DHCIND,0.0
HACD7,1.9896029268551274e-12
CITL,1.661726312107703e-12
GOFUCR,0.0
PYDXK,1.8382157775109764e-12
DNMPPA,3.491130995403324e-17
HPPK2,3.491130995403324e-17
PTPATi,3.5301622736128024e-16
HEX7,9.094947017729282e-12
DXPRIi,7.320533068622126e-14
GTPCII2,4.589948213173933e-14
URIC,2.7622348852673895e-13
SADT2,1.9251267247000214e-13
OPHBDC,0.0
AACPS1,2.8279600883251987e-12
OHPHM,0.0
GHMT2r,1.4102163881091201e-11
DHORD2,0.2901062935465877
LCARS,3.26272342476841e-12
ALCD19,5.854071856899625e-12
RMPA,0.0
SBTPD,0.0
PFK_2,0.0
GLTPD,0.0
EX_hdcea_e,0.0
ACACCT,0.0
SDPDS,1.5482060078397808e-13
BUTCT,0.0
TGBPA,0.0
MANAO,0.0
TAGURr,0.0
DMSOR1,0.0
PGLYCP,0.0
2DGULRx,0.0
DKGLCNR2y,0.0
G1PTT,0.0
TDPGDH,0.0
ADCS,3.6975630890445643e-14
ADCL,3.6975630890445643e-14
2DGULRy,0.0
DHAPT,2.275813890195609
EX_lac__D_e,0.0
UDPGALM,0.0
TDPDRE,0.0
TDPDRR,0.0
UMPK,0.02294750911542759
RZ5PP,0.0
DDPGALA,0.0
DURIK1,0.02294750911546828
G3PD6,2.6863095081708366e-12
ALLTN,1.5343282200319663e-13
UAPGR,1.5498713423767185e-13
UPPRT,1.4780954238347022e-12
NTD9,2.7711166694643907e-12
CTPS2,2.7430835380926055e-12
NTD1,2.772209545254256e-12
NTD7,3.1749672335656953e-12
PAPPT3,1.5498713423767185e-13
UAGPT3,1.5498713423767185e-13
NDPK7,7.031986104522048e-12
AOBUTDs,7.44737604918555e-13
GLYAT,8.632206061065517e-12
ADNUC,3.154809746774845e-12
GMHEPPA,0.0
S7PI,0.0
TRPS3,3.021881356257694e-12
EX_ttdcea_e,0.0
F6PA,2.275813890197094
AGMHE,0.0
CRNBTCT,0.0
CRNCBCT,0.0
NTD10,1.7878476477051208e-12
CRNCDH,0.0
GMHEPAT,0.0
EX_h2s_e,1.417754802446325e-13
ADPT,2.309472058037443e-12
EX_gthrd_e,0.0
IDOND,4.4508841057222526e-13
IDOND2,8.215428337621233e-12
FADRx,8.744116541947733e-13
GTPDPK,1.787903158856352e-12
NADN,0.0
GLYCLTDx,2.2524204723595176e-12
ADK1,2000.0
NDPK2,2.2987613992797655
NDPK3,2.2758138902436382
HPYRRy,1.907572988457673e-10
NDPK4,2.2758138901874787
ACODA,2.0375701126340573e-11
ADA,6.74464650796125e-11
DADA,6.690600753544301e-11
ADD,6.690600851122497e-11
FCLT,2.9883300695088266e-13
HBZOPT,0.0
PNTK,4.102621020685149e-16
ADSS,6.561240439850735e-11
AGDC,1.588240650107764e-11
OCTDPS,2.1139231858036123e-16
ASNN,9.26628218600456e-12
DPCOAK,4.102621020685149e-16
HETZK,0.0
ASNS2,1.2538775573389671e-11
ASPCT,4.201139436332824e-12
KDOPS,9.843514892082794e-14
KDOPP,9.843514892082794e-14
DMPPS,0.002095146345368337
EX_26dap__M_e,0.0
MCOATA,7.678575830727397e-11
IPDPS,0.002095146345368337
AST,7.295664072870522e-12
SGDS,7.295664072870522e-12
CYNTAH,0.0
DAPE,1.5690782007027337e-12
DHDPRy,1.5690782007027337e-12
EX_acnam_e,0.0
HSK,4.050093593832571e-13
SDPTA,9.930944955272025e-14
GSPMDA,2.7426949600339867e-12
GSPMDS,2.7426949600339867e-12
GUAD,6.308946420841011e-13
THRS,4.18554080283684e-13
EX_amp_e,0.0
HSST,7.763234499691407e-14
PPNDH,5.306866057708248e-14
TMAOR1,0.0
TMAOR2,0.0
DGK1,0.02294750911636247
DTMPK,1.3784529073745944e-12
NDPK1,2000.0
TRDR,0.21704102462311692
DDPA,2.241540286718191e-13
NMNDA,2.085442929455894e-12
NNAM,1.284305994886381e-12
P5CD,1.4747536525305804e-11
PGMT,1.3670842236024328e-11
FRUK,0.0
SPMDAT1,0.0
RHCCE,1.8758397613005684e-12
EX_dha_e,1.5158985178231887e-12
KG6PDC,6.579181643928678e-13
SPMDAT2,0.0
TDPADGAT,0.0
MALS,2.835660595223999e-10
X5PL3E,6.579181643928678e-13
DOGULNR,0.0
TRE6PP,7.354117315117037e-11
EX_fuc__L_e,2.540570943725118e-12
EX_met__D_e,0.0
EX_tartr__L_e,0.0
BETALDHx,0.0
BETALDHy,0.0
MLTG3,5.95292704019812e-11
EX_taur_e,3.1406766076713666e-11
EX_maltpt_e,5.013767179207207e-13
EX_glyald_e,6.591942269817963e-12
EX_glcur_e,0.0
ADPRDP,8.608225243733614e-12
DKGLCNR1,0.0
NADTRHD,2.9422309033577676e-10
AACPS2,6.45172804070171e-11
FMNRx2,1.6682766279529915e-11
ACPS1,0.0
EX_nmn_e,1.5442369605267459e-12
EX_urea_e,8.039957588579227e-12
ARAI,0.0
M1PD,0.0
G3PD2,1.1631501317665993e-10
GALS3,1.5842882561400984e-13
FCI,0.0
FCLK,0.0
FCLPA,0.0
GMPS2,8.57927062725139e-11
AMPN,9.66715874017865e-11
GSNK,0.0229475090273894
ACCOAL,1000.0
GALUi,1.7962520360015333e-11
AACPS3,2.084998840246044e-12
U23GAAT,3.524958103184872e-15
EX_f6p_e,0.0
UAAGDS,0.0
AACPS4,1.6050522022581504e-11
UAMAS,1.901145907368118e-12
UAMAGS,1.901145907368118e-12
UGLYCH,5.2297055574968e-13
NTPP3,7.844391802791506e-12
NTPP6,2.4211743721025414e-12
NTPP7,2.4016344468691386e-12
OP4ENH,0.0
EX_rmn_e,2.61758865451045e-12
HOPNTAL,0.0
NTPP8,8.60278515091295e-12
P5CR,2.5158763961030672e-12
CYANST,0.0
EX_ttdca_e,0.0
DHPPDA2,2.9667110781894657e-13
3HPPPNH,0.0
G5SADs,5.751621401373086e-12
GMAND,0.0
PPCSCT,994.490323981873
CYTD,6.414813125132923e-12
AKGDH,1.4013679106028576e-11
HPYRRx,1000.0000000000289
GLYCDx,3.149924765466494e-12
ASP1DC,1.021627227260069e-12
UGMDDS,9.183764859699295e-13
DCYTD,1.254246706494655e-11
DBTS,5.296951304126576e-14
DCTPD,1.2596767379191576e-11
UHGADA,0.0
AMANK,0.0
UAGAAT,0.0
ATPPRT,7.766842724521439e-13
HISTD,7.766842724521439e-13
DHDPS,8.509859483751825e-14
G1PACT,1.836752971939859e-12
GART,0.0021512742843392938
CSND,6.75715039477609e-12
GF6PTA,4.757305660518796e-14
IGPDH,8.497647030480948e-13
EX_glyclt_e,1.6342482922482304e-12
PRPPS,999.999409780881
H2SO,6.319944567678704e-13
GLUCYS,5.186961971048731e-13
PRATPP,8.497647030480948e-13
GLUN,0.0
PRMICI,8.497647030480948e-13
GLUPRT,3.220756994437579e-13
EX_g6p_e,4.769518113789672e-13
GMPR,4.948930154569098e-12
SERAT,1.2646550473505158e-12
CYSS,1.2646550473505158e-12
NADS1,2.9167779302952113e-12
BPNT,6.729061752253074e-13
EX_2ddglcn_e,0.0
PAPSR,0.21704102462148844
ASPK,3.518296765037121e-13
ASAD,7.113198918773378e-13
DAPDC,1.9048651545006123e-12
EX_mmet_e,0.0
NTRIR2x,0.0
OCBT,1.7602586055431857e-13
GARFT,0.0021512741626890097
GPDDA1,0.0
GPDDA2,2.1724844145865063e-12
PHETA1,5.610789610699385e-13
PPND,3.527733660746435e-14
METAT,1.8785042965596688e-12
ASCBPL,0.0
ACBIPGT,7.318590178329032e-13
TRPS1,2.6934010577406298e-12
PRAMPC,4.806433029358459e-13
ADOCBLS,0.0
EX_galct__D_e,0.0
ADOCBIK,0.0
TMPK,1.2245740445976372e-11
HPPPNDO,0.0
MCITL2,3.637978807091713e-12
DXYLK,0.0
MDH3,2.3762158907203457e-11
SOTA,3.465561171367426e-13
DHCINDO,0.0
SGSAD,3.465561171367426e-13
HKNDDH,0.0
EX_idon__L_e,5.444533712761768e-13
HKNTDH,0.0
GLYCK2,1.2533973858808167e-11
PTA2,1000.0
MDH2,4.694022948115162e-12
EX_indole_e,1.448632880318712e-13
ACOTA,8.86402062860725e-13
GPDDA5,0.0
PDX5PS,0.0
PPBNGS,1.0606099332122199e-14
ENTCS,7.642590264348806e-13
SULR,2.517985819849855e-13
MANPGH,6.306066779870889e-13
URDGLYCD,1.6714407635731732e-13
CBMKr,1.0500711411509656e-11
PPNCL2,8.375461782450522e-16
PRAGSr,8.804068585277491e-14
PRFGS,8.804068585277491e-14
AMANAPEr,0.0
EX_3hcinnm_e,0.0
ACM6PH,1.354472090042691e-13
NNATr,7.735092948102373e-13
CYTDH,1.490974010920354e-12
EX_acac_e,1.8207657603852567e-13
ETHAAL,3.397282455352979e-13
MAN1PT2,3.113065361048939e-12
PSERT,9.032108394535499e-12
AP4AH,1.5631940186722204e-12
EX_acmana_e,0.0
AP5AH,0.0
ADNCYC,1.7755796832830129e-12
AIRC2,2.275957200481571e-13
GAPD,4.1389114358025836e-12
MI1PP,0.0
EX_galur_e,0.0
MCITS,9.85878045867139e-13
PPAKr,1000.0
HEX1,1.3869794202037156e-11
GND,1.3798739928461146e-11
TAUDO,5.720979245893432e-13
DM_amob_c,2.4714337064555528e-14
NTP3,4.121147867408581e-12
PPM2,0.0
MOAT2,0.0
EX_adn_e,0.0
EX_ins_e,1.1401990462900358e-13
G6PDH2r,1.467981292080367e-11
ME2,5.4948638232114344e-12
ARGSL,7.885359032400174e-13
CBPS,2.1032064978498966e-12
GLU5K,3.1581404158487203e-12
IPPS,2.09277040141842e-13
EX_mg2_e,2.5153490401663703e-17
ACOATA,3.9760139625144575e-12
NADH5,6.501466032204917e-12
MOHMT,1.2601031329495527e-13
EX_glyc3p_e,0.0
MLTG2,0.0
EX_but_e,0.0
MLTG1,0.0
AMALT3,0.0
MLTP3,2.7711166694643907e-12
EX_lcts_e,0.0
EX_ocdca_e,0.0
EX_cbl1_e,0.0
SPODM,0.001997799662561306
AHCYSNS,1.141302330420757e-12
ACNML,0.0
TMK,0.0
NTPP4,2.8208546609675977e-12
GMPS,4.140687792641984e-12
CAT,3.0305081361037267e-12
FTHFLi,0.0021512741789138194
EX_nac_e,0.0
UDPGD,0.0
SERASr,1.1603495941869824e-12
GLCRD,1.616484723854228e-13
PPPNDO,0.0
26DAHtex,0.0
HCINNMtex,0.0
HPPPNtex,0.0
ACtex,1.3418866712244792e-13
ACALDtex,3.4994229736184934e-13
CHRPL,0.0
TDPAGTA,0.0
UACMAMO,0.0
FBA3,8.451763770256868
PMPK,6.423306331271306e-12
LCADi,1.7550405573274475e-12
ACMANAtex,0.0
ACMUMtex,0.0
ACACT7r,1.9769463843744006e-12
PSP_L,1.1415535183800785e-11
ADK3,2000.0
GLUDC,2.0057862778107018e-11
ACACT2r,3.236855228294644e-13
BSORy,0.0
DMSOR2,0.0
ADSK,3.013145288832675e-13
ACACT3r,3.820832539247476e-13
ACACT4r,1.7053025658242404e-13
SUCCt2_2pp,6.799893981224159e-12
SUCFUMtpp,2000.0
HSDy,4.18332035678759e-13
CYSTL,7.763234499691407e-14
ACMAMUT,0.0
SHSL1,7.760458942129844e-14
SSALy,4.320099833421321e-12
SUCptspp,0.0
SULabcpp,3.353761712787673e-12
TSULabcpp,0.0
TARTRt7pp,0.0
EX_dad_2_e,0.0
EX_ser__D_e,0.0
DDGALK,0.0
EX_gam6p_e,0.0
EX_15dap_e,1.414979244884762e-13
AB6PGH,0.0
EX_ocdcea_e,0.0
EX_cynt_e,0.0
EX_galctn__D_e,0.0
AMALT1,0.0
EX_glyb_e,0.0
AHGDx,3.389288849575678e-12
MLTP2,2.7569058147491887e-12
TAURabcpp,5.934142066621462e-13
THMDt2pp_copy1,1000.0
3HCINNMH,0.0
BSORx,0.0
PACCOAL,1.1218803663837207e-12
NMNt7pp,0.0
EX_ca2_e,8.673617379884035e-19
EX_so3_e,0.0
GLUtex,0.0
Kt2pp,9.749256957292118e-12
GLYtex,4.3853809472693683e-13
GP4GH,0.0
GLYALDtex,1.0669937156038145e-13
AKGt2rpp,1.4249712521063884e-13
ACGAMT,0.0
XYLt2pp,0.0
EX_ascb__L_e,0.0
GLYBtex,0.0
GLYCtex,1.7053025658242404e-13
GLYC3Ptex,0.0
GLYCLTtex,3.3217872896784684e-13
GTPtex,0.0
GUAtex,1.2374476443532956e-13
Htex,999.98591454774
EX_ala_B_e,0.0
EX_agm_e,0.0
EX_minohp_e,0.0
EX_ppt_e,0.0
EX_hxa_e,0.0
H2tex,0.0
H2Otex,499.99295727387323
AADDGT,0.0
FACOAL160t2pp,4.547473508864641e-13
FACOAL180t2pp,5.258016244624741e-13
SPODMpp,0.0
EX_lyx__L_e,1.0036416142611415e-13
EX_acmum_e,0.0
EX_dca_e,0.0
EX_all__D_e,0.0
NO3R1bpp,0.0
O2tpp,1.0267342531733448e-12
EX_octa_e,0.0
PHYTSpp,0.0
EX_gbbtn_e,0.0
PPTHpp,0.0
PYRt2rpp,2.3389016418073894e-13
NO3R2pp,0.0
EX_xylu__L_e,0.0
EX_gdp_e,0.0
EX_gtp_e,0.0
NTP3pp,0.0
NO3R2bpp,0.0
THMabcpp,0.0
THMDt2pp_copy2,1000.0
THRabcpp,1.5063505998114124e-12
TREptspp,0.0
THD2pp,6.392442131186726e-12
TMAOR1pp,2.4124036102080026e-12
TMAOR2pp,2.4158453015843406e-12
XANtpp,1.2680967387268538e-11
DAPtex,0.0
TRPt2rpp,9.64606172715321e-12
TYRt2rpp,1.539035565656377e-11
EX_tma_e,3.8475889141409425e-12
URIt2pp_copy1,1000.0
URIt2pp_copy2,1000.0
VALabcpp,4.4642067820177544e-12
12PPDStex,1.7763568394002505e-13
DDGLCNtex,0.0
XTSNt2rpp,0.0
XYLabcpp,2.6932900354381673e-12
GMHEPK,0.0
XYLUt2pp,0.0
THRt4pp,8.996024411511705e-13
GALURtex,0.0
GTPCI,2.0925101928970236e-17
FDMO,0.0
FEOXAMabcpp,5.542233338928781e-13
EX_fruur_e,0.0
GALtex,0.0
CBL1abcpp,0.0
EX_malttr_e,0.0
ACACt2pp,0.0
ACGAptspp,0.0
ACMANAptspp,0.0
ACNAMt2pp,0.0
GALCTtex,0.0
GALCTNtex,0.0
GALTtex,0.0
EX_cbi_e,0.0
CHOLD,0.0
TRE6PS,1.3358203432289883e-12
DRPA,0.0
TKT2,1.922018100231071e-12
EX_arbtn_fe3_e,3.667732784151667e-12
UDCPDP,1.3011813848606835e-13
EX_cpgn_e,7.572609206363268e-12
EX_ch4_e,6.333217370674271e-13
FEENTERabcpp,5.542233338928781e-13
EX_adocbl_e,0.0
FECRMabcpp,7.105427357601002e-13
TREH,1.8189894035458565e-12
GAMtex,0.0
GBBTNtex,0.0
ATPS4rpp,4.916955731459893e-12
INDOLEtex,0.0
ARBt2rpp,7.710276861416787e-12
CYTK1,3.4368063950296346e-12
DAPabcpp,0.0
L_LACtex,2.255973186038318e-13
ACt4pp,1000.0
ADEt2rpp,0.0
CO2tpp,1.7717383116178098e-11
DHAtpp,2.1782575743145571e-13
DMSOR1pp,4.522604513113038e-12
ARGabcpp,2.573941060290963e-12
ADNt2pp_copy1,1000.0
ADNt2pp_copy2,1000.0000000000001
ALAabcpp,2.7142732506035827e-12
ALLabcpp,0.0
ALLTNt2rpp,1.4305223672295142e-13
ARBabcpp,2.7426949600339867e-12
ARGAGMt7pp,0.0
ASCBptspp,1.680877659282487e-13
CYTK2,3.6434744110636075e-12
ASNt2rpp,1.2373158053691213e-12
ASPabcpp,2.6290081223123707e-12
ASPt2pp,1.8109069799265853e-11
ECOAH8,6.075140390748857e-13
GLCDpp,0.0
GUAtpp,1.5363710303972766e-11
ASPt2_2pp,6.3091754043398396e-12
HYD2pp,0.0
GK1,0.022947509115952336
HYXNtpp,1.078026556911027e-13
NACtpp,0.0
ASPt2_3pp,4.3244852143686785e-12
HIStex,1.0111356196773613e-13
FE3DCITabcpp,2.6294522115222208e-12
HXAtex,0.0
HACD1,7.167599846980011e-13
HYXNtex,1.078026556911027e-13
IDONtex,0.0
ILEtex,0.0
INSTtex,0.0
INStex,0.0
Ktex,0.0
CPGNtonex,5.826450433232822e-13
GLCRtex,0.0
GLCNtex,0.0
GLCURtex,0.0
GLNtex,0.0
O2tex,249.99647863693536
EX_ppa_e,0.0
HACD2,6.770140004164205e-13
OCTAtex,0.0
D_LACtex,0.0
NTD8pp,0.0
ORNtex,0.0
FRULYStex,0.0
MALTtexi,0.0
ECOAH5,2.0249912857650543e-12
DHFS,2.222614453595284e-17
CITt7pp,1.539035565656377e-11
CRNt7pp,0.0
EX_ni2_e,5.421010862427522e-20
GLCtex_copy1,1000.0
EX_no_e,7.624297027053473e-12
CHLabcpp,2.5295321393059567e-12
DGSNt2pp,0.0
FE3DCITtonex,2.149613820279228e-12
DINSt2pp,0.0
DURIt2pp,0.0
FE2abcpp,1.8474111129762605e-12
FRUptspp,0.0
FUCtpp,0.0
EX_fad_e,0.0
GALCTt2rpp,0.0
GALt2pp,0.0
ASPtex,2.0439205883349132e-13
ABUTt2pp,1000.0
FUMt2_2pp,9.976020010071807e-12
FUMt2_3pp,7.074729690970116e-12
PHEtex,0.0
FEENTERtonex,2.1742607714259066e-12
CSNt2pp,0.0
CYNTt2pp,0.0
CYSabcpp,5.243805389909539e-12
SBTptspp,0.0
PItex,1.787903158856352e-12
TREHpp,0.0
CYTBDpp,1.2747136679536197e-11
CYTDt2pp_copy1,1000.0
CYTDt2pp_copy2,1000.0
DADNt2pp,0.0
DCYTt2pp,0.0
CYTBD2pp,1.286859507843019e-11
ACGAMK,4.369837824924616e-13
ACALDtpp,4.014566457044566e-13
ACt2rpp,1000.0
DDGLCNt2rpp,0.0
RMNtex,0.0
EX_meoh_e,2.160571259560509e-14
EX_fe3dcit_e,1.0080825063596421e-13
EX_fe3hox_e,0.0
EX_fecrm_e,0.0
EX_feenter_e,0.0
EX_feoxam_e,0.0
MALTTRtexi,0.0
MALTTTRtexi,0.0
MALTPTtexi,0.0
METS,7.230327447871332e-14
ASPO3,0.001997799654467304
ASPO5,0.001997799654467304
ASPO4,0.0019977996544673156
EX_3amp_e,0.0
EX_3gmp_e,0.0
EX_3ump_e,0.0
ASPO6,0.001997799654467304
EX_cu2_e,1.8431436932253575e-18
LCTStex,0.0
LEUtex,0.0
LYStex,0.0
EX_glyc__R_e,4.756195437494171e-13
EX_eca4colipa_e,0.0
GLYOX3,1.7603696278456482e-12
FDMO3,0.0
LYXtex,0.0
MANtex,0.0
MAN6Ptex,0.0
FDMO4,0.0
CYSabc2pp,1.3784529073745944e-12
BUTSO3abcpp,0.0
ETHSO3abcpp,0.0
MELIBtex,0.0
DMSOtex,0.0
DURItex,0.0
EX_mal__D_e,0.0
FRUtex,0.0
FUCtex,0.0
EX_sel_e,0.0
EX_hg2_e,0.0
O16GLCT1,0.0
O16AP2pp,0.0
O16AP3pp,0.0
FUMtex,2.1938006966593093e-13
ACACT5r,2.0250467969162855e-12
O16A4Lpp,0.0
PRASCSi,2.361444373377708e-13
MALTATr,0.0
DHBSH,8.806289031326742e-13
MALDDH,0.0
FE2tex,999.9859145477426
NMNtex,0.0
ENTERES,2.935429677108914e-13
NO2tex,1.2825296380469808e-12
TRSARr,1000.0000000000023
DHPS2,7.37257477290143e-18
FEOXAMUtex,7.686962177899659e-12
ARBTNtpp,1.5347723092418164e-12
MTHFC,2.5023982885841178e-11
ARBTNtex,1.5347723092418164e-12
MTHFD,2.5023982885841178e-11
LYXI,0.0
BUTt2rpp,0.0
CADVtpp,1.3972156764907595e-13
QULNS,7.993605777301127e-15
23CAMPtex,0.0
23CCMPtex,0.0
23CUMPtex,0.0
23CGMPtex,0.0
3AMPtex,0.0
3CMPtex,0.0
LADGMDH,1.199040866595169e-13
ALKP,3.5127456499139953e-12
GDPtex,0.0
EX_cobalt2_e,0.0
ALAGLUE,1.6958726090088305e-12
FEENTERtpp,7.958078640513122e-13
TMAtex,0.0
EX_pheme_e,0.0
TMAOtex,0.0
TREtex,0.0
L_LACD3,1.3713474800169934e-12
FEENTERtex,7.958078640513122e-13
FE3HOXUtpp,7.694733739072035e-12
FEOXAMUtpp,7.694733739072035e-12
FECRMUtpp,7.694733739072035e-12
FE3HOXR2,4.831690603168681e-13
L_LACD2,9.166001291305292e-13
ACACT6r,7.815692537604946e-13
TRPtex,0.0
PTRCt2pp,3.734790254839027e-12
GGGABAH,3.907985046680551e-13
PNTOtex,0.0
FRULYSK,0.0
FDMO6,0.0
TSULtex,0.0
TYRtex,0.0
URAtex,1.030009411095989e-13
UREAtex,1.8635093468333253e-13
URItex,0.0
SULFACabcpp,0.0
ETHSO3tex,0.0
BUTSO3tex,0.0
LIPOtex,0.0
CYANSTpp,1.4382939284018903e-13
VALtex,1.2656542480726785e-13
XANtex,0.0
MCPST,1.4382939284018903e-13
XYLtex,0.0
PPPNtex,0.0
ABUTtex,2.0579371540208058e-13
FORtppi,1.7778125759732033e-11
PHEMEabcpp,0.0
METSOX1abcpp,0.0
PPTtex,0.0
GALBDtex,0.0
LIPAHT2ex,0.0
DATPHs,6.108447081487611e-13
GLCTR1,0.0
LIPAabcpp,0.0
LIPAHTex,0.0
LIPACabcpp,0.0
ECAP1pp,0.0
PTRCtex,1.5659695762337833e-13
UDCPDPpp,0.0
GGGABADr,3.268496584496461e-13
EX_mso3_e,6.367406601981429e-13
EX_23camp_e,0.0
EX_23cgmp_e,0.0
EX_23cump_e,0.0
ECAP2pp,0.0
ECA4OALpp,0.0
FE3Ri,9.265921363521556e-13
FE3HOXR3,3.481659405224491e-13
FEENTERR1,2.7711166694643907e-13
NODOy,0.0
PYRtex,1.619477121850288e-13
GALM2pp,0.0
CU1abcpp,0.0
HG2abcpp,0.0
FEENTERR3,2.7711166694643907e-13
SULFACtex,0.0
EX_sulfac_e,0.0
EX_butso3_e,0.0
GLCTR3,0.0
HEPT4,0.0
EX_ethso3_e,0.0
DSERtex,0.0
LA4NTpp,0.0
NODOx,0.0
SERtex,2.2407076194497222e-13
NOtex,0.0
NOtpp,0.0
NHFRBO,0.0
N2Otpp,0.0
N2Otex,0.0
CRNt8pp,1000.0
CRNt2rpp,1000.0
CRNDt2rpp,1000.0000000000043
CTBTt2rpp,2.42772468794783e-12
42A12BOOXpp,0.0
TYROXDApp,0.0
PACALDt2rpp,0.0
PEAMNtex,0.0
PACALDtex,0.0
LIPOt2pp,0.0
AGM4PA,1.2789769243681803e-13
RNDR3b,5.203726338720571e-12
RNDR4b,1.021692799807461e-11
ACGAL1Ptex,0.0
ACGALtex,0.0
GLCUR1Ptex,0.0
UDPGLCURtex,0.0
UDPGALPpp,0.0
UACGAMPpp,0.0
UACGALPpp,0.0
UGLCURPpp,0.0
FEROpp,249.996478636935
ISETACabcpp,0.0
ISETACtex,0.0
GUR1PPpp,0.0
UDPGtex,0.0
ACGAL1PPpp,0.0
UDPGALtex,0.0
ACGAM1Ptex,0.0
UACGAMtex,0.0
UDPACGALtex,0.0
AM4PCP,1.2789769243681803e-13
AM3PA,1.2878587085651816e-13
UM4PCP,1.2789769243681803e-13
CBLAT,0.0
NTRIR4pp,8.200662371393719e-13
NTRIR3pp,8.189005029635155e-13
INOSTt4pp,0.0
PHEMEtiex,0.0
AGM3PA,1.2878587085651816e-13
CYANtex,0.0
SO3tex,0.0
TCYNTtex,0.0
ACANTHAT,0.0
METSOX2abcpp,0.0
METSOX1tex,0.0
METSOX2tex,0.0
3UMPtex,0.0
MSO3abcpp,0.0
MSO3tex,0.0
FECRMR1,2.913225216616411e-13
FECRMR2,2.913225216616411e-13
TDP,4.092726157978177e-12
3PEPTabcpp,1.4921397450962104e-12
4PEPTabcpp,1.8616219676914625e-12
3GMPtex,0.0
FALDtpp,0.0
EX_tym_e,0.0
AGM3Pt2pp,1.354472090042691e-13
SO4tex,2.7533531010703882e-14
AGM4Pt2pp,0.0
AGMt2pp,1.212363542890671e-13
FECRMexs,7.702727344849336e-12
ARBTNR1,7.773781618425346e-13
ARBTNR2,7.744915819785092e-13
METSOXR1,6.438183319801283e-13
METSOXR2,6.438183319801283e-13
DAPAL,0.0
AMPTASECG,6.252776074688882e-13
EX_imp_e,0.0
DOPAtex,0.0
4HOXPACDtex,0.0
ARBTNR3,2.8421709430404007e-13
ARBTNexs,5.684341886080801e-13
FEOXAMexs,7.69451169446711e-12
LACZpp,0.0
SPMDtex,0.0
GPDDA1pp,0.0
GPDDA5pp,0.0
ETHAtex,1.3855583347321954e-13
G3PStex,0.0
FEOXAMR1,2.913225216616411e-13
FEOXAMR2,2.913225216616411e-13
FEOXAMR3,2.913225216616411e-13
PTHRpp,0.0
FEENTERR2,4.121147867408581e-13
FLVR,5.080380560684716e-13
SUCCtex,1.1485257189747244e-13
FE3HOXR1,3.623767952376511e-13
FEENTERexs,8.242295734817162e-13
SUCRtex,0.0
FE3HOXexs,7.69451169446711e-12
FECRMR3,3.623767952376511e-13
FDMO2,0.0
LALGP,1.2079226507921703e-13
AGM4PApp,1.5565326805244695e-13
ARABDI,0.0
AGt3,0.0
CD2t3pp,1.5494217020517453e-11
ZNabcpp,2.7426949600339867e-12
SKMt2pp,0.0
FE2t2pp,1.5494217020517453e-11
GLYC2Ptex,0.0
PSERtex,0.0
TARTRtex,0.0
R5Ptex,0.0
THRPtex,0.0
TYRPtex,0.0
R5PPpp,0.0
PSP_Lpp,0.0
TYRPpp,0.0
R1PK,999.9994097808699
PAPSR2,0.2170410246228339
GRXR,0.21704102479371945
RNDR1b,8.625142614016035e-11
R15BPK,999.9994097808699
Kabcpp,1.297451035497943e-11
RNDR2b,4.342044779281906e-11
TAURtex,0.0
FACOAE181,2.665956344571896e-11
FACOAE160,2.2644275343708387e-11
FACOAE140,1.0127593208508756e-11
LEUabcpp,1.2420287021086551e-11
L_LACt2rpp,2.2382096176443156e-13
MALt2_2pp,7.695177828281885e-12
CPGNR1,2.8421709430404007e-13
CPGNR2,2.913225216616411e-13
THRtex,0.0
CPGNR3,2.913225216616411e-13
CPGNUtpp,7.686962177899659e-12
CPGNUtex,7.686962177899659e-12
MALt2_3pp,5.238920408601189e-12
MALTabcpp,0.0
MALTHXabcpp,0.0
MALTPTabcpp,0.0
AAMYL,0.0
AAMYLpp,0.0
MALTTRabcpp,0.0
THMDtex,0.0
MALTTTRabcpp,0.0
MAN6Pt6_2pp,0.0
FACOAL80t2pp,0.0
PPGPPDP,1.4769296896588457e-12
CPGNabcpp,7.247535904753022e-13
CPGNexs,7.686962177899659e-12
MANGLYCptspp,0.0
MELIBt2pp,3.774092149910757e-12
CBIuabcpp,0.0
METabcpp,1.0529355165544985e-12
CITtex,7.673861546209082e-13
ACGAtex,0.0
DDCAtexi,0.0
TTDCAtexi,0.0
HDCAtexi,0.0
GUACYC,1.2555512185485895e-12
EX_fe3hox_un_e,7.686962177899659e-12
GGPTRCS,0.0
EX_23dappa_e,1.619477121850288e-13
RMNtpp,0.0
23PDE2pp,0.0
23PDE4pp,0.0
23PDE9pp,0.0
SERt4pp,1.5389789269348864e-11
METDtex,0.0
SUCCt2_3pp,5.238920408601189e-12
MNLptspp,0.0
NAt3_1p5pp,1.9238556060729994e-12
ATPHs,1.2365664048274994e-12
SARCOX,0.0
GTPHs,6.498690474643354e-13
MN6PP,2.7569058147491887e-12
NAt3_2pp,2.0011882775894385e-12
NH4tpp,9.734435479913373e-13
3KGK,0.0
METtex,0.0
EX_cd2_e,0.0
F6PP,2.7569058147491887e-12
NMNPtpp,0.0
NO2t2rpp,4.0678571622265736e-13
NO3t7pp,3.8902214782865485e-12
ORNabcpp,2.7536861679777758e-12
PIuabcpp,3.637978807091713e-12
PNTOt4pp,0.0
FRULYSDG,0.0
METDabcpp,0.0
GDPMNH,2.7426949600339867e-12
FACOAL60t2pp,1.97758476261356e-12
IDONt2rpp,0.0
ILEabcpp,4.599987057929411e-12
INDOLEt2pp,1000.0
INSt2pp,5.076827847005916e-12
PROabcpp,2.7501334542989753e-12
PROt2rpp,1000.0
MNLtex,0.0
PROt4pp,1000.0
PTRCabcpp,2.30415686530705e-12
LYXt2pp,0.0
GDPDPK,7.114309141798003e-13
OCDCAtexi,0.0
OCDCEAtexi,0.0
ASNNpp,2.8618774017274973e-13
GLUNpp,0.0
G6Ptex,0.0
NTD12,1.0971223929345797e-12
TUNGSabcpp,0.0
NAtex,0.0
MOBDabcpp,0.0
MOBDtex,0.0
NI2uabcpp,2.7569058147491887e-12
FECRMtonex,7.247535904753022e-13
ARBTNtonex,2.1458390619955026e-12
ADOCBLabcpp,2.1458390619955026e-12
EX_enter_e,0.0
EX_fecrm_un_e,0.0
EX_cgly_e,0.0
NI2tex,0.0
NTD10pp,0.0
NTD1pp,0.0
EX_chtbs_e,0.0
EX_gmp_e,0.0
NTD2pp,0.0
NACtex,0.0
NTD3pp,0.0
NTD4pp,0.0
NTD5pp,0.0
EX_h2o2_e,0.0
EX_ump_e,0.0
EX_pydam_e,0.0
CRNabcpp,2.7569058147491887e-12
CRNDabcpp,2.7536861679777758e-12
DNTPPA,2.0599841277224584e-17
NTD6pp,0.0
NTD7pp,0.0
CTBTabcpp,2.71194178225187e-12
NTD9pp,0.0
NH4tex,3.6770586575585185e-13
PEAMNOpp,0.0
GAL1PPpp,0.0
NTPP9,1.2365664048274994e-12
NTPP10,6.108447081487611e-13
NTPP11,6.498690474643354e-13
H2O2tex,0.0
ARGDCpp,1.0408340855860843e-13
URIH,2.7142732506035827e-12
ALLPI,0.0
ALLK,0.0
ALLULPE,0.0
ADEtex,0.0
ADNtex,0.0
NADPHQR2,2.119859843219274e-12
NADPHQR3,2.120081887824199e-12
NADPHQR4,2.119859843219274e-12
GLBRAN2,1000.0
ASR,0.0
ASO3tex,0.0
AGMtex,0.0
ALAtex,0.0
BALAtex,0.0
DALAtex,1.0931880400910643e-13
MANGLYCtex,0.0
EX_frulys_e,0.0
AMPtex,0.0
METOX1s,6.581402089977928e-13
XTSNH,2.7569058147491887e-12
METOX2s,6.438183319801283e-13
FRUURt2rpp,0.0
FRUURtex,0.0
ARBtex,0.0
ARGtex,0.0
INSH,2.7569058147491887e-12
ASCBtex,0.0
FACOAL100t2pp,0.0
RIBabcpp,0.0
ECAtpp,0.0
O16AT,0.0
O16GALFT,0.0
O16GLCT2,0.0
O16AUNDtpp,0.0
O16AP1pp,0.0
GPDDA3pp,0.0
GPDDA4pp,6.750155989720952e-13
GPDDA2pp,1.829647544582258e-13
FACOAL120t2pp,1.2357892487102617e-12
GLYCAt2rpp,2.2959412149248237e-13
GLYCAtex,2.2959412149248237e-13
FACOAL140t2pp,6.643574579356937e-13
EX_enlipa_e,0.0
BUTtex,0.0
EX_hacolipa_e,0.0
AGM4PCP,0.0
4PCP,0.0
FE3HOXtonex,9.663381206337363e-13
CU2abcpp,2.7569058147491887e-12
COBALT2abcpp,2.7569058147491887e-12
NI2abcpp,2.7569058147491887e-12
MG2uabcpp,1.8474111129762605e-12
4PCPpp,1.5063505998114124e-12
HCYSMT2,0.0
FALDH2,0.0
CHLtex,0.0
GLYBabcpp,2.2037927038809357e-12
GLYC3Pt6pp,0.0
MMETtex,0.0
FE3tex,999.985914547742
MG2tex,4.0766001685454967e-17
Zn2tex,1.6263032587282567e-18
MMETt2pp,0.0
CD2tex,0.0
GLYCLTt4pp,1000.0
GLYCtpp,2.2026824808563106e-13
H2Otpp,4.263256414560601e-12
GLNabcpp,0.0
CO2tex,1.1759482276829658e-12
GLUabcpp,3.637978807091713e-12
GLUABUTt7pp,1000.0000000000002
GLUt2rpp,1000.0000000000008
HCINNMt2rpp,0.0
HISabcpp,5.4143356464919634e-12
HISt2rpp,7.048583938740194e-12
CBIAT,0.0
GLUt4pp,1000.0
GLYALDtpp,1.2789769243681803e-13
CRNtex,0.0
EX_etha_e,0.0
ACGK,1.6413537196058314e-12
LYSabcpp,4.561684363579843e-12
COBALT2tex,7.115076756936123e-20
LCTSt3ipp,1.1466161353723692e-11
PPK2,6.991740519879386e-12
ARBt3ipp,1.1465495219908917e-11
14GLUCANabcpp,0.0
14GLUCANtexi,0.0
DINStex,0.0
DHPTPE,0.0
PPDOy,4.2454928461665986e-13
FALGTHLs,0.0
NTD12pp,0.0
PPA2,6.991740519879386e-12
DIMPtex,0.0
EX_hdca_e,0.0
EX_glcr_e,0.0
GNK,6.991740519879386e-12
HMBS,3.0573633902353237e-14
3NTD7pp,0.0
DMStex,0.0
3NTD4pp,0.0
3NTD2pp,0.0
3NTD9pp,0.0
RMK,0.0
FHL,0.0
HYPOE,6.963318810448982e-12
MEPCT,1.4425960426223128e-13
GLUDy,1.7464252266563562e-11
23PDE7pp,0.0
GALTptspp,0.0
GALURt2rpp,0.0
ZN2abcpp,6.991740519879386e-12
CSNtex,0.0
GLYCLTDy,4.68158845023936e-12
LYSDC,2.223221606811876e-13
DAAD,1.8046897309886845e-11
GLCNt2rpp,5.361489030519806e-12
GLCptspp,1.48929757415317e-11
GLCRt2rpp,1.9939605522267811e-13
GLCt2pp,2.262368070660159e-11
UREAtpp,3.7109204598095857e-13
XANt2pp,1.5982326573293903e-11
GLYC3Pabcpp,9.133582778986238e-12
PPPNt2rpp,0.0
PTRCORNt7pp,6.052047751836653e-12
GLCURt2rpp,2.0961010704922955e-13
ACMUMptspp,0.0
EX_h2o_e,499.9929572738737
EX_ala__D_e,4.974527734180612e-13
HSTPT,2.1307955400118317e-13
SPMDabcpp,5.476508135870972e-12
CYNTtex,0.0
HG2tex,0.0
NTPP5,1.6697754290362354e-12
THDPS,9.642286968869485e-14
ACONMT,0.0
XTSNtex,0.0
ATPM,2.7560176363294886e-12
CYStex,0.0
NADPPPS,3.4299507678525742e-12
EX_mnl_e,0.0
THRD_L,4.1600056732704616e-13
EX_malt_e,0.0
NTD3,2.8620994463324223e-12
CYTDtex,0.0
GLYOX,1.2714274078007293e-12
DADNtex,0.0
4PEPTtex,0.0
NAMNPP,0.0
EX_pnto__R_e,0.0
SELNPS,0.0
DHAtex,0.0
ETOHtex,1.580957587066223e-13
MTRPOX,0.0
AGM4PCPpp,0.0
GTPDPDP,1.0373923942097463e-12
CRNCAR,0.0
GALabcpp,0.0
GLYCLTt2rpp,1000.0
GUAt2pp,1.5346390824788614e-11
HPPPNt2rpp,0.0
RNDR2,1.1338721628284532e-11
EX_asn__L_e,1.3541945342865347e-13
ANHMK,1.354472090042691e-13
DCAtex,0.0
DHFR,1.1273967870373269e-13
EX_cit_e,0.0
PRAIi,8.028994136211054e-14
EX_mal__L_e,1.6253665080512292e-13
NMNN,0.0
XAND,3.204103649068202e-13
EX_no2_e,3.8902214782865485e-12
HACD3,4.4564352208453784e-13
TYRTA,2.1066481892262345e-14
SHKK,5.295763827461997e-14
DCYTtex,0.0
EX_gam_e,0.0
ACACtex,0.0
ACNAMtex,0.0
ARBTNabcpp,7.958078640513122e-13
EX_inost_e,1.1191048088221578e-13
EX_mobd_e,0.0
NNDMBRT,0.0
DGSNtex,0.0
THRA2,3.0451197119418794e-12
ASO3t8pp,2.7569058147491887e-12
H2Stex,1.9129142714291447e-13
PPK,2.7569058147491887e-12
EX_so4_e,8.326672684688674e-14
SADH,3.622102617839573e-13
GLUSy,2.409836219463557e-12
GUAPRT,1.6558184944698295e-12
EX_phe__L_e,0.0
EX_thr__L_e,0.0
EX_uri_e,0.0
OMCDC,4.807265696626928e-14
ABUTD,1.5276668818842154e-13
E4PD,1.8036941298177345e-12
IG3PS,6.608602554081244e-14
PDH,1.1230127938688383e-11
MTHFR2,7.763234499691407e-14
DMSOR2pp,0.0
H2St1pp,0.0
EX_nh4_e,1.5614176618328202e-12
DADK,0.02294750911280265
DUTPDP,0.022947509113294018
EX_ddca_e,0.0
HYD3pp,0.0
NO3R1pp,0.0
NTP5,2.7995383788947947e-12
CELBpts,0.0
FORt2pp,1.0064393762831969e-11
EX_r5p_e,0.0
EX_glyc2p_e,0.0
MTAN,0.0
DPR,2.9696297504377966e-16
EX_halipa_e,0.0
AACPS5,1.5643042416968456e-13
MANptspp,0.0
EX_cmp_e,0.0
NTD8,0.02294750911426637
GALCTD,0.0
EX_malthx_e,0.0
MLTG4,1.8900436771218665e-12
UDPGDC,0.0
PUNP4,0.022947509114287685
AMAOTr,1.594357517001679e-14
EX_csn_e,0.0
EX_etoh_e,1.3855583347321954e-13
G6PP,2.7853275241795927e-12
MMCD,7.247535904753022e-13
GLNS,2.822631017806998e-12
TYMtex,0.0
GTHS,6.430411758628907e-13
EX_g3pe_e,0.0
EX_pacald_e,0.0
EX_his__L_e,0.0
EX_k_e,5.551115123125783e-17
EX_na1_e,0.0
ACACT1r,5.171418848703979e-13
ARGORNt7pp,5.03508346128001e-12
EX_dmso_e,0.0
CMPtex,0.0
DUMPtex,0.0
XMPtex,0.0
3PEPTtex,0.0
EX_12ppd__S_e,0.0
EX_pppn_e,0.0
ANHGMtex,0.0
MALTptspp,0.0
UDPKAAT,0.0
ULA4NFT,0.0
EX_acgam1p_e,0.0
NTD11pp,0.0
EX_galt_e,0.0
DKGLCNR2x,0.0
ACGS,3.481659405224491e-13
PDE1,3.1610269957127457e-12
UPLA4FNT,0.0
UPLA4FNF,0.0
ULA4Ntppi,0.0
HEPT1,0.0
FALDtex,0.0
MCITD,7.087663789206999e-13
CU2tex,1.734723475976807e-18
EX_glcur1p_e,0.0
GLCATr,0.0
ALR2,1.8030021919912542e-13
AMALT2,0.0
MLTP1,3.481659405224491e-12
HEPT2,0.0
FECRMUtex,4.973799150320701e-13
ALAALAr,2.1083829127022113e-13
EX_thrp_e,0.0
CLtex,1.3877787807814457e-17
CYSDtex,1.8596235662471372e-13
CYSDabcpp,1.8596235662471372e-13
HXAND,6.217248937900877e-13
EX_fald_e,9.583857145389896e-13
EX_pydxn_e,0.0
EX_acgal_e,0.0
EX_so2_e,0.0
EX_dms_e,0.0
GMPtex,0.0
IMPtex,0.0
G3PItex,0.0
CD2abcpp,1.8474111129762605e-13
G3PGtex,0.0
G3PEtex,0.0
G3PCtex,0.0
MOAT3C,0.0
UMPtex,0.0
G1Ptex,0.0
ADNK1,0.022947509118575207
CUt3,0.0
ZN2t3pp,1.3094469952790178e-11
SKMtex,0.0
MNt2pp,1.3094469952790178e-11
RHAT1,0.0
GLCabcpp,1.8562928971732617e-12
GALT1,0.0
MNtex,0.0
GAL1Ptex,0.0
GLCTR2,0.0
G2PPpp,0.0
UDPGPpp,0.0
EX_acgal1p_e,0.0
EX_cyan_e,0.0
EX_tyrp_e,0.0
O2Stex,0.0
HEPK1,0.0
HEPT3,0.0
HEPK2,0.0
ALDD3y,0.0
EX_uacgam_e,0.0
Kt3pp,7.727873896357096e-12
EX_udpacgal_e,1.0879144807240948e-13
EX_udpg_e,0.0
EX_udpgal_e,0.0
EX_udpglcur_e,0.0
EX_14glucan_e,0.0
EX_pser__L_e,0.0
R5PP,2.4158453015843406e-13
EX_xmp_e,0.0
EX_damp_e,0.0
CYSSADS,0.0
EX_dimp_e,0.0
CPPPGO2,0.0
EX_isetac_e,0.0
AGM3PH,0.0
HOMt2pp,0.0
EX_aso3_e,0.0
EX_tcynt_e,0.0
EX_fe3dhbzs_e,0.0
AGM3PApp,0.0
PPPGO,1.0671268556305957e-12
EX_feoxam_un_e,6.4219740636417555e-12
HOMtex,0.0
SO2tex,0.0
SO2tpp,0.0
LDH_D2,8.313350008393172e-13
EX_g3pc_e,1.4832579608992091e-13
EX_g3pg_e,0.0
EX_g3pi_e,0.0
SHCHF,0.0
SUCOAS,994.4903239817976
SUCBZL,0.0
CYSDDS,0.0
CYStpp,2.0463630789890885e-12
EX_g3ps_e,0.0
EX_peamn_e,0.0
EX_34dhpac_e,0.0
NTP1,0.0
DAMPtex,0.0
DCMPtex,0.0
DGMPtex,0.0
DTMPtex,0.0
ACSERtpp,1.6209256159527285e-13
ACSERtex,2.184918912462308e-13
LALDO3,1.3784529073745944e-12
NTP10,3.4781066915456904e-12
PRAIS,3.0042635046356736e-13
GDMANE,0.0
GPDDA4,4.845568390976496e-13
LPLIPAL2ATG120,2.2581936320875684e-13
PLIPA1E140pp,8.040235144335384e-13
LPLIPAL2E140,9.050538096744276e-13
PLIPA1E160pp,1.1688428003253648e-12
GALKr,0.0
PLIPA1E161pp,1.7212897773788427e-12
AACPS8,2.0250467969162855e-12
AACPS9,2.1520563109334034e-12
LPLIPAL2E180,4.689582056016661e-13
LPLIPAL2G161,1.1514678099899811e-12
LPLIPAL2G181,7.400746682151293e-13
2AGPE120tipp,1.1933370958061573e-12
HXCT,4.04870581505179e-12
AACPS6,5.510036871214652e-12
2AGPEAT160,1.4833689832016717e-12
AACPS7,1.264742477413705e-11
PANTS,9.686695889854491e-14
G3PGabcpp,1.033895191682177e-13
G3PIabcpp,0.0
DURADx,0.0
ECOAH7,1.505712221572253e-12
G1PPpp,0.0
GALCTND,0.0
GCALDD,2.1445128658981183e-12
HISTP,2.0899948438568572e-14
G3PSabcpp,0.0
QMO2,0.0034237971276311896
QMO3,0.0034237971276418477
LPLIPAL2E141,4.831690603168681e-13
LPLIPAL2E161,0.0
LDH_D,3.9330760870370796e-12
AMALT4,0.0
NTD11,2.5863755581667647e-12
LPLIPAL2E181,7.780442956573097e-13
YUMPS,0.0
LPLIPAL2G180,3.423927807943983e-13
LPLIPAL2G141,5.062616992290714e-13
2AGPA120tipp,7.735478924075778e-13
2AGPG180tipp,6.323830348264892e-13
IPDDI,0.0020951463452695573
ORNDC,1.4921397450962104e-13
UPP3MT,0.0
KAS15,1.9229062786507711e-13
ALAALAtex,0.0
FACOAL181t2pp,6.465938895416912e-13
T2DECAI,7.420730696594546e-13
2AGPGAT180,2.717825964282383e-13
2AGPGAT181,0.0
3OAS161,1.6981971384666394e-12
DHQS,8.493206138382448e-14
EAR141y,3.8546943414985435e-13
EAR161x,1.6981971384666394e-12
2AGPG141tipp,9.912071163853398e-13
2AGPG161tipp,7.296385717836529e-13
2AGPG181tipp,4.791722574282176e-13
2AGPEAT140,5.438843819760564e-13
2AGPEAT120,4.791722574282176e-13
DASYN160,1.303457342061165e-12
DASYN161,1.3034434642733572e-12
DASYN181,1.3029854972756993e-12
CDAPPA161,9.90360571329063e-13
2AGPEAT161,9.983125437429408e-13
2AGPEAT141,3.423927807943983e-13
2AGPGAT160,4.831690603168681e-13
PGSA180,1.2718714970105793e-12
PGCD,3.972155937503885e-12
PSSA140,9.743317264110374e-13
2AGPGAT141,1.0764722446765518e-12
FACOAE180,2.330621806656552e-12
LPLIPAL2ATG140,2.234656903965515e-12
LPLIPAL2ATG141,1.1999568005904848e-12
LPLIPAL2ATG160,1.3287149158713873e-12
LPLIPAL2ATG180,8.639755577632968e-13
LPLIPAL2ATG161,0.0
LPLIPAL2ATG181,0.0
FACOAE100,1.3926637620897964e-12
FACOAE80,4.511946372076636e-13
FACOAE60,2.230160500715783e-12
CLPNS180pp,1.6413537196058314e-12
PLIPA1E120pp,1.1164402735630574e-12
CLPNS181pp,9.769962616701378e-13
EX_cys__L_e,0.0
PG161abcpp,4.942712905631197e-13
PGP120abcpp,8.704148513061227e-13
MALtex,1.376676550535194e-13
NO3tex,0.0
3OAS141,1.0054179711005418e-12
3OAR121,1.0054179711005418e-12
CFAS160G,0.0
PGP161abcpp,4.4497738826976274e-13
PGP181abcpp,5.186961971048731e-13
PA120abcpp,1.1652900866465643e-12
PLIPA1G120pp,7.887024366937112e-13
URAt2pp,1.5263346142546652e-11
FACOAE141,3.07318059888928e-12
CLPNS120pp,1.0622613899613498e-12
ALPATE160pp,1.3251622021925868e-12
FACOAE161,2.2524204723595176e-12
EX_gsn_e,0.0
TTDCEAtexi,0.0
HDCEAtexi,0.0
ALPATG160pp,0.0
2AGPGAT120,4.791722574282176e-13
LPLIPAL2ATE120,0.0
ALAALAD,2.7403704305761778e-12
2AGPEAT180,2.035038804137912e-13
LPLIPAL2ATE140,0.0
EX_orot_e,0.0
LPLIPAL2ATE160,0.0
LPLIPAL2ATE180,0.0
LPLIPAL2ATE141,0.0
2AGPEAT181,1.5765166949677223e-13
2AGPGAT140,5.080380560684716e-13
PLIPA1E181pp,2.241401508840113e-13
PLIPA1G180pp,4.3876013933186186e-13
LPLIPAL2ATE161,9.521272659185342e-13
LPLIPAL2ATE181,3.623767952376511e-13
FACOAL141t2pp,2.935429677108914e-13
FACOAL161t2pp,0.0
PA160abcpp,1.4281908988778014e-12
PLIPA1G181pp,6.821210263296962e-13
ALAALAabcpp,1.3367085216486885e-13
HEXt2rpp,9.618972285352356e-13
G3PEabcpp,4.005684672847565e-13
G3PCabcpp,0.0
2AGPGAT161,3.375077994860476e-13
PA181abcpp,1.5347723092418164e-12
12DGR141tipp,1.6820433934583434e-12
AMPTASEPG,0.0
ADSL1r,2.230549078774402e-12
PROGLYabcpp,0.0
GTHRDabcpp,1.6058265828178264e-12
PGPP140pp,6.821210263296962e-13
PGPP141pp,7.034373084024992e-13
PGPP160pp,6.163958232718869e-13
2AGPG140tipp,8.526512829121202e-13
PGPP180pp,7.034373084024992e-13
2AGPG160tipp,1.647293412787576e-13
SERD_D,2.956884737059795e-12
CLPNH141pp,1.8829382497642655e-13
CLPNH160pp,1.0800249583553523e-12
CLPNH161pp,3.197442310920451e-13
AICART,2.3092638912203256e-13
CLPNH181pp,5.933031843596837e-13
D_LACt2pp,1.3732071035832405e-13
PLIPA1E180pp,5.488942633746774e-13
RIBtex,0.0
FLVRx,7.673861546209082e-13
THMtex,0.0
XYLUtex,0.0
PLIPA1G140pp,8.810729923425242e-13
PLIPA1G161pp,5.776351619246611e-13
CLPNS160pp,6.963318810448982e-13
CLPNS161pp,7.176481631177012e-13
EX_manglyc_e,0.0
ALLtex,0.0
PG160abcpp,9.983125437429408e-13
FRUpts2pp,0.0
PGP140abcpp,3.7586600498684675e-13
PAPA120pp,1.4281908988778014e-12
PAPA140pp,1.4281908988778014e-12
GGPTRCO,4.050093593832571e-13
EX_metsox_R__L_e,0.0
PAPA141pp,8.237299731206349e-13
34dhpactex,0.0
PAPA160pp,1.4424017535930034e-12
G6Pt6_2pp,0.0
PAPA161pp,9.094947017729282e-13
MALTHXtexi,0.0
12PPDStpp,1.8207657603852567e-13
PAPA180pp,9.308109838457312e-13
PROtex,0.0
HPYRI,1000.0000000000024
FE3HOXUtex,7.714273664305438e-12
HYD1pp,0.0
EX_cl_e,1.474514954580286e-17
FE3DHBZStonex,1.0222600543841054e-11
AACTOOR,1.2714274078007293e-12
H2tpp,0.0
23DAPPAtex,0.0
ECAP3pp,0.0
FEOXAMtonex,8.242295734817162e-13
TPRDCOAS,0.0
ACGAM1PPpp,0.0
EX_dgmp_e,0.0
GAMptspp,0.0
GSNt2pp,3.6151082127844347e-12
EX_4hoxpacd_e,0.0
FMNRx,7.744915819785092e-13
EX_3hpppn_e,0.0
EX_man6p_e,0.0
GSNtex,0.0
SBTtex,0.0
FORtex,4.465451446111768e-13
EX_tsul_e,0.0
PHEt2rpp,1.5360601679503816e-11
DHBS,7.384648448294229e-13
THIORDXi,6.579181643928678e-13
EX_n2o_e,0.0
PPPGO3,1.2892850849433035e-12
PFK,8.451763770254644
PDX5POi,1.438385435065248e-12
PDX5PO2,3.3923779584055236e-12
MDDCP1pp,0.0
GUI2,0.0
OMBZLM,0.0
PLIPA1A181pp,4.813927034774679e-13
PGM,1.0729195309977513e-11
LPLIPAL2A141,8.881784197001252e-13
HG2t3pp,4.428069022566206e-12
CYTBO3_4pp,8.164136033883551e-12
EX_maltttr_e,0.0
GLYCK,1.6910917111090384e-12
MLTG5,2.1600499167107046e-12
GPDDA3,9.876544027065393e-13
EAR141x,7.069900220812997e-13
EAR181x,5.826450433232822e-13
TPI,7.425171588693047e-12
EAR181y,5.471179065352771e-13
G3PAT141,3.943512183468556e-13
2DOXG6PP,0.0
OXAMTC,2.8094193638139586e-13
UDCPPtppi,0.0
AGMH,1.9451107391432743e-13
G3PAT181,5.6754601018838e-13
DASYN140,2.9448665728182277e-13
MPTG,0.0
DASYN180,1.2541356841921925e-12
MPTG2,0.0
DASYN141,1.69381175751937e-12
RPI,2.9762858844151197e-12
MCTP1App,1.3367085216486885e-13
MCTP2App,0.0
CDAPPA160,1.6867202079495769e-12
CDAPPA141,1.679600902804168e-12
MCTP1Bpp,0.0
PERD,1.5669327814438194e-12
MELIBt3ipp,3.938627202160205e-12
PGSA141,7.275957614183426e-13
EX_alaala_e,0.0
EX_dtmp_e,0.0
5DOAN,0.0
DM_5drib_c,0.0
EX_lipoate_e,0.0
EX_pydx_e,0.0
EX_g1p_e,0.0
GLCtex_copy2,1000.0000000000001
NAt3pp,1000.0
MINOHPtexi,0.0
12PPDRtpp,1.9895196601282805e-13
SFGTHi,0.0
PYDAMK,3.154809746774845e-12
DHORDfum,0.2901062935464722
K2L4Aabcpp,3.469446951953614e-17
FACOAE120,2.5637825196156427e-12
3OAR120,2.5579538487363607e-12
3HAD80,8.72635297355373e-13
3HAD120,2.5579538487363607e-12
DSBCGT,0.0
DSBGGT,0.0
EAR180x,3.934630399271555e-13
AKGtex,1.8868240303504535e-13
SO4t2pp,4.371614181764016e-12
EAR180y,1.936228954946273e-13
AGPAT120,2.8047980604739564e-12
DHNAOT4,0.0
AMPMS2,3.3326206377859435e-14
DM_oxam_c,2.1083135237631723e-13
ALR4x,2.4158453015843406e-13
PGPP120,3.6454173013567015e-12
DAGK120,4.959588295605499e-12
ALLTNtex,0.0
PSSA180,4.670430708841877e-13
ASNtex,1.7982837441365973e-13
PSSA161,6.927791673660977e-13
PSSA141,2.9665159217984183e-13
PSD160,4.5111137048081673e-13
PSD161,2.4012736243861355e-13
PSD180,7.531752999057062e-13
COLIPAabcpp,0.0
LPLIPAL1G141pp,1.9273471707492718e-13
LPLIPAL1G180pp,1.3988810110276972e-13
LPLIPAL1G181pp,6.572520305780927e-13
ACONIs,0.0
ACONTb,3.926636793494254e-12
GLCP2,3.169020601490047e-12
F6Pt6_2pp,0.0
PPALtpp,1.7053025658242404e-13
PLIPA2A140pp,3.0109248427834245e-13
PLIPA2A141pp,2.3447910280083306e-13
PLIPA2A180pp,2.318145675417327e-13
GAM6Pt6_2pp,0.0
PLIPA2E141pp,4.268807529683727e-13
FE3HOXabcpp,4.121147867408581e-13
PLIPA2E181pp,9.805489753489383e-13
PLIPA2G140pp,3.1086244689504383e-13
PPALtex,0.0
CA2tex,8.673617379884035e-19
CUtex,0.0
3HAD161,2.5721647034515627e-12
PLIPA2G160pp,1.311312169960388e-12
CU1Opp,0.0
PLIPA2G181pp,2.788880237858393e-13
SUCDi,38.28914805270145
FADRx2,8.379963389870682e-12
LPLIPAL1E141pp,1.4850343177386094e-12
LALDO2x,1.8474111129762605e-13
12PPDRtex,1.6342482922482304e-13
LPLIPAL1E160pp,0.0
LPLIPAL1E180pp,3.9968028886505635e-13
ASNS1,7.400885460029372e-13
EAR80y,9.945377854592152e-13
EAR120y,1.9042545318370685e-12
3OAR181,4.849454171562684e-13
3HAD121,3.326228181776969e-13
EAR121y,5.233591338082988e-13
LPLIPAL1E181pp,1.8829382497642655e-13
LPLIPAL1G160pp,7.069900220812997e-13
LPLIPAL1G161pp,5.577760475716786e-13
GTHRDHpp,7.105427357601002e-13
EX_o2_e,249.99647863693548
PROGLYtex,1.509903313490213e-13
EX_progly_e,0.0
MDDCP2pp,0.0
LPLIPAL1G120pp,3.86468634872017e-13
PLIPA2E140pp,1.2079226507921703e-12
PLIPA2E160pp,0.0
PLIPA2A161pp,3.5704772471945034e-13
PLIPA2A181pp,1.0878381528911518e-12
F6Ptex,0.0
MDDCP3pp,1.2096226797986276e-13
EAR140x,5.89014947927069e-13
EAR40y,7.773781618425346e-13
GAMAN6Ptex,0.0
EX_gal_bD_e,1.652011860642233e-13
3OAS181,4.849454171562684e-13
EAR161y,2.4155399902525687e-12
G3PAT140,4.4247938646435614e-13
G3PAT160,0.055964700241861814
G3PAT161,0.065962468486514
AGPAT160,6.46233067058688e-13
AGPAT140,5.417888360170764e-13
PGSA160,1.2346373923222131e-12
MLDCP2Bpp,1.2101430968414206e-13
3OAS140,1.3741646709419797e-12
3OAR140,1.3741646709419797e-12
CDAPPA140,2.3045454433656687e-12
MLDCP1App,0.0
EAR160y,3.0617175461600254e-12
3OAR160,3.0617175461600254e-12
PDE4,1.9377832671807482e-12
PGSA161,1.2283507544452732e-12
3HAD181,1.0658141036401503e-12
PGPP160,1.0294681773714842e-12
EAR100y,1.1595169269185135e-12
3OAR141,3.5840774792461616e-13
3OAR161,0.0
3HAD141,1.1793344079080725e-13
EAR121x,1.1793344079080725e-13
PGPP180,8.348877145181177e-13
PGPP161,5.080380560684716e-13
PGPP181,9.841016890277388e-13
PSD140,6.110667527536862e-13
MICITDr,1.3393730569077889e-12
CDAPPA180,9.308109838457312e-13
AGM4PH,2.9965613324023366e-13
NTP12,0.0
PE141abcpp,0.0
CDAPPA181,1.956712569750607e-12
PGSA140,5.861977570020827e-13
LPLIPAL1A141pp,2.2470914018413168e-13
LPLIPAL1A180pp,1.555977569012157e-13
LPLIPAL1E140pp,1.1368683772161603e-13
LPLIPAL1E161pp,3.4582059438292845e-13
LPLIPAL1G140pp,1.0871303857129533e-12
PE160abcpp,6.892264536872972e-13
PE161abcpp,5.172390293850526e-13
PSD141,7.851497230149107e-13
PG140abcpp,9.556799795973347e-13
PG141abcpp,7.105427357601002e-13
ACONTa,1.0727418953138113e-11
MLDCP2App,0.0
12DGR140tipp,0.0
PG180abcpp,6.181721801112872e-13
12DGR160tipp,1.1013412404281553e-12
PG181abcpp,5.595524044110789e-13
AM4PA,0.0
PGP141abcpp,4.618527782440651e-13
PGP160abcpp,7.487344078072056e-13
12DGR180tipp,0.0
PGPP120pp,1.1723955140041653e-12
PGPP181pp,3.197442310920451e-13
CLPNH120pp,2.078337502098293e-13
PGP180abcpp,9.912071163853398e-13
EX_dump_e,0.0
PAPA181pp,3.907985046680551e-13
PA140abcpp,1.5134560271690134e-12
CLPNH140pp,1.3081202787645907e-12
EX_12ppd__R_e,1.1191048088221578e-13
PGSA181,7.72715225139109e-13
PGPP140,6.075140390748857e-13
PGPP141,6.341593916658894e-13
MDDCP5pp,0.0
MLTGY3pp,1.2878587085651816e-13
12DGR120tipp,1.1795009413617663e-12
MDDCP4pp,0.0
CLPNS140pp,1.0604850331219495e-12
CLPNS141pp,0.0
G3PAT180,7.179257188738575e-13
EX_o2s_e,0.0
PLIPA1G160pp,1.4210854715202004e-13
PG120abcpp,1.1795009413617663e-12
EX_gal1p_e,0.0
PE140abcpp,7.243095012654521e-13
CFAS160E,0.0
PLIPA1G141pp,1.0408618411616999e-12
LPLIPAL2E160,4.583000645652646e-13
LPLIPAL2G140,4.1744385725905886e-13
LPLIPAL2G160,2.3447910280083306e-13
CFAS180E,0.0
EX_dcmp_e,0.0
CFAS180G,0.0
PAPA160,2.7711166694643907e-12
2AGPE140tipp,7.65609797781508e-13
2AGPE160tipp,1.532107773982716e-13
2AGPE180tipp,7.567280135845067e-13
PAPA180,3.197442310920451e-12
PAPA181,3.339550858072471e-12
2AGPE141tipp,9.166001291305292e-13
2AGPE161tipp,8.806289031326742e-13
EX_23ccmp_e,0.0
2AGPA161tipp,4.121147867408581e-13
2AGPA181tipp,6.838973831690964e-13
2AGPG120tipp,0.0
LPLIPAL2G120,1.6661672042062037e-13
PA141abcpp,1.1723955140041653e-12
PETNT161pp,3.6624869803603133e-13
PSSA160,4.312106227644108e-13
PSSA181,3.659295089164516e-13
DAGK140,2.7711166694643907e-12
DAGK160,2.7569058147491887e-12
DAGK141,2.7569058147491887e-12
DAGK161,2.7426949600339867e-12
AGPAT181,2.575717417130363e-13
PA161abcpp,1.3784529073745944e-12
PA180abcpp,2.2302160118670145e-12
PGPP161pp,7.034373084024992e-13
PE120abcpp,1.1795009413617663e-12
MDDEP3pp,0.0
MDDEP4pp,0.0
PE180abcpp,9.343636975245317e-13
PAPA140,3.055333763768431e-12
MLTGY1pp,1.2296066942418804e-13
EX_3cmp_e,0.0
CGLYtex,0.0
3HAD40,8.359007930280882e-13
PLIPA1E141pp,6.536993168992922e-13
3OAS60,9.281464485866309e-13
3OAS160,2.0037305148434825e-12
PAPA141,3.865352482534945e-12
PAPA161,3.907985046680551e-12
GTHOXtex,0.0
DSBAO1,0.0
DSBAO2,0.0
DSBDR,1.79134485023269e-12
TDSR1,0.0
CGLYabcpp,9.272582701669307e-13
PLIPA2A120pp,4.2454928461665986e-13
PLIPA2A160pp,0.0
CLPNH180pp,6.513713179945313e-13
3OAR60,9.383605004131823e-13
3OAR80,9.383605004131823e-13
MLDCP3App,0.0
MLDCP1Bpp,1.3100631690576847e-13
2AGPE181tipp,1.0729195309977513e-12
2AGPA140tipp,1.730171561575844e-12
LPLIPAL2E120,8.102268855836314e-13
EAR100x,9.237055564881302e-13
EAR120x,0.0
EAR160x,1.8687273950490635e-12
2AGPA160tipp,1.0452194665333536e-12
ATHRDHr,8.359091197007729e-12
2AGPA180tipp,1.6839862837514374e-12
2AGPA141tipp,4.476419235288631e-13
EAR140y,1.0498685254489715e-12
3OAS121,7.909228827429615e-13
3OAS80,5.515587986337778e-13
3OAS100,1.3216094885137863e-12
3OAS120,2.6432189770275727e-12
LSERDHr,2.9801994205769233e-12
3OAR40,1.021405182655144e-12
3OAR100,1.3216094885137863e-12
DSERDHr,2.4087398742267396e-12
3HAD60,1.021405182655144e-12
3HAD100,1.3216094885137863e-12
3HAD140,8.386485950140354e-13
3HAD160,2.2659096821087132e-12
EX_urate_e,2.1604940059205546e-13
PSD120,8.215650382226158e-13
AGPAT180,5.275779813018744e-13
AGPAT141,4.11226608321158e-13
PAPA120,2.1316282072803006e-13
EX_skm_e,0.0
EX_cpgn_un_e,0.0
MDDEP1pp,0.0
MDDEP2pp,0.0
AGPAT161,3.730349362740526e-13
DASYN120,1.3997691894473974e-12
EAR40x,7.824851877558103e-13
EAR60y,7.891465259035613e-13
MLDEP1pp,0.0
PSD181,2.233768725545815e-13
DAGK180,2.7711166694643907e-12
DAGK181,2.7711166694643907e-12
MLDEP2pp,0.0
EX_ag_e,0.0
MLTGY2pp,2.4558133304708463e-13
PLIPA2E120pp,3.4638958368304884e-13
PLIPA2G141pp,0.0
MLTGY4pp,0.0
EAR60x,2.1316282072803006e-13
PLIPA2G161pp,1.652011860642233e-13
EX_cys__D_e,0.0
LPLIPAL1A120pp,0.0
LPLIPAL1A140pp,2.948752353404416e-13
EAR80x,3.277378368693462e-13
PE181abcpp,3.0481173141083673e-13
12DGR161tipp,1.7011392294818961e-12
12DGR181tipp,9.450218385609332e-13
NTP11,0.0
LPLIPAL1A181pp,1.1191048088221578e-12
LPLIPAL1E120pp,4.689582056016661e-13
3OAR180,3.4888758548845544e-13
G3PAT120,3.943512183468556e-13
PGSA120,1.0800249583553523e-12
3OAS180,8.6687601541513e-13
3HAD180,8.668621376273222e-13
CDAPPA120,1.289246487345963e-12
TDSR2,0.0
EX_acser_e,1.687538997430238e-13
GTHRDtex,0.0
GTHRDabc2pp,1.9326762412674725e-12
OMMBLHX3,0.0
PSSA120,3.2107649872159527e-13
UM4PL,0.0
2MAHMP,2.718289569131338e-12
EX_cu_e,0.0
ZN2tpp,1.830885443254715e-11
NI2tpp,1.830885443254715e-11
EX_arbtn_e,6.821210263296962e-13
COBALT2t3pp,1.5438261780076346e-11
23DAPPAt2pp,1.6372406902442904e-13
NADHPO,4.192202140984591e-13
ACOAD7f,1.7402745910999329e-12
ACOAD8f,1.255884285455977e-12
PLIPA1A120pp,1.1013412404281553e-12
ACOAD5f,2.0015100687942322e-12
PLIPA1A140pp,1.8260948309034575e-12
EX_dopa_e,0.0
PLIPA1A141pp,2.1742607714259066e-12
PLIPA1A160pp,1.775413149829319e-12
PLIPA1A161pp,1.4555856520104271e-12
PLIPA1A180pp,9.521272659185342e-13
LPLIPAL2A120,2.346775551664848e-12
CAt6pp,999.9954352294989
ACOAD3f,7.90589815835574e-13
ACOAD2f,8.913425553203069e-13
ACOAD4f,9.198752870531735e-13
ACOAD6f,2.450734060133186e-12
NADH16pp,37.99704395949207
NADH18pp,37.99704395949277
EX_tartr__D_e,1.5276668818842154e-13
GLYBt2pp,4.973133016505926e-12
5DGLCNt2rpp,0.0
GALCTNt2pp,0.0
GALCTNLtex,0.0
EX_galctn__L_e,0.0
DSERt2pp,0.0
EX_hom__L_e,0.0
ALAt4pp,1.2570266876010816e-11
LYSt3pp,6.2871929884522615e-12
KDUI,0.0
EX_tungs_e,0.0
CA2t3pp,999.9954352294989
CTBTCAL2,0.0
OBTFL,1.0913492332065289e-13
NADH17pp,37.9970439594934
FA161ACPHi,1.8326173911731303e-12
BGLA1,0.0
FA141ACPHi,9.450218385609332e-13
THRt2pp,5.6843418860808015e-12
ARGt3pp,3.7123637497415984e-12
FA160ACPHi,1.832478613295052e-12
MALDtex,0.0
OROTtex,0.0
EX_crn__D_e,0.0
GDPMNP,3.354649891207373e-12
OPHHX3,6.709992804443399e-13
AMMQLT8,0.0
FA120ACPHi,1.5776130402045396e-12
FA80ACPHi,2.166378187951068e-12
FA140ACPHi,1.832423102143821e-12
PPAt4pp,0.0
OROTt2_2pp,0.0
MALDt2_2pp,0.0
FA100ACPHi,2.159272760593467e-12
CRNDCAL2,0.0
5DGLCNtex,0.0
EX_LalaDgluMdapDala_e,0.0
EX_5dglcn_e,0.0
DTARTD,0.0
CRNCAL2,0.0
CHLt2pp,5.076827847005916e-12
GLYt4pp,1.5349377151252508e-11
PLIPA2E161pp,9.59551882395715e-13
PLIPA2E180pp,3.6060043839825084e-13
FRULYSE,0.0
FRULYSt2pp,0.0
EX_LalaDgluMdap_e,0.0
EX_psclys_e,0.0
TUNGStex,0.0
PLIPA2G120pp,1.652011860642233e-13
PLIPA2G180pp,1.652011860642233e-13
LPLIPAL1A161pp,2.318145675417327e-13
LPLIPAL1A160pp,4.4500514384537837e-13
PSCLYSt2pp,0.0
LYSt2pp,6.476819081058238e-12
COBALT2tpp,1.3066603354872086e-11
OXCDC,0.0
LPLIPAL2A140,5.915268275202834e-13
LPLIPAL2A160,4.1311398746302075e-13
LPLIPAL2A161,1.0480505352461478e-12
LPLIPAL2A180,5.577760475716786e-13
GLYt2pp,1.5420997812043424e-11
ALAt2pp,1.27702293184484e-11
EX_anhgm_e,0.0
BALAt2pp,0.0
DALAt2pp,1.643858660305142e-13
FE2tpp,2.0376256237852886e-11
LPLIPAL2A181,1.0587086762825493e-12
DM_aacald_c,3.163025397157071e-13
UM3PL,0.0
MN2tpp,999.999393994935
MG2tpp,5.1402848991188854e-12
5MTRtex,0.0
NI2t3pp,1.0280609696877718e-11
PPAtex,0.0
GALCTNLt2pp,0.0
GALCTLO,0.0
THYMt3pp,0.0
CLt3_2pp,1.0108463979058291e-11
EX_ppal_e,0.0
POR5,8.052114530698873e-12
HACD8,1.8552659408754835e-12
CTECOAI8,4.3165471197426086e-13
CTECOAI6,2.7142732506035827e-12
MTHTHFSs,0.0
SELGTHR,0.0
SELGTHR3,0.0
EX_slnt_e,0.0
MALCOAMT,1.77754431606483e-14
PSCLYStex,0.0
THYMtex,1.1278131206715614e-13
CU2tpp,2.0605739337042905e-12
FE2t3pp,1.0236644865102562e-11
MN2t3pp,1.0236644865102562e-11
MG2t3_2pp,5.054130725046235e-12
CD2tpp,1.0236644865102562e-11
ETHAt2pp,2.559563672122067e-12
FE3abcpp,2.6432189770275727e-12
THRA,8.526512829121202e-13
OGMEACPS,1.77754431606483e-14
OGMEACPR,1.77754431606483e-14
OPMEACPS,1.77754431606483e-14
LIPAabctex,0.0
DGUNC,7.779887845060784e-13
XYLK2,0.0
GLDBRAN2,1000.0
LALADGLUtex,0.0
S2FE2SR,1.9610979506978765e-12
CDGUNPD,7.779887845060784e-13
ACACT8r,3.197442310920451e-13
LALALGLUtpp,0.0
CTECOAI7,1.476319066995302e-12
CLIPAabctex,0.0
3AMACHYD,1.4033219031261979e-13
K2L4Aabctex,7.632783294297951e-17
FDH4pp,7.574732074216994e-12
FDH5pp,1.7774573046053233e-11
ACPPAT140,1.4352963262354024e-12
APG3PAT140,2.913225216616411e-13
LDGUNPD,6.277756092742948e-13
MPTAT,0.0
APG3PAT141,3.339550858072471e-13
MOADSUx,0.0
3HPPtex,1.3850032232198828e-13
CMtpp,1.542305172463898e-11
FUSAtpp,1.5494217020517453e-11
APG3PAT181,4.838907052828745e-13
APH140,1.7684742559254119e-12
APH160,1.775413149829319e-12
OPMEACPD,2.4603314762093012e-14
EPMEACPR,2.4603314762093012e-14
RFAMPtex,1.5494217020517453e-11
MINCYCtex,1.5494217020517453e-11
AOXSr2,2.4603314762093012e-14
MINCYCtpp,1.5494217020517453e-11
MEOHtrpp,1.362362398881525e-13
EX_LalaDglu_e,0.0
SCYSDS,6.707523425575346e-12
DOXRBCNtex,1.5494217020517453e-11
DOXRBCNtpp,1.5494217020517453e-11
S2FE2SS,3.353761712787673e-12
S4FE4SR,3.353761712787673e-12
CCGS,0.0
SELtex,3.2294167340296553e-12
SELR,3.2294167340296553e-12
OGMEACPD,2.4603314762093012e-14
EGMEACPR,2.4603314762093012e-14
OPMEACPR,2.4603314762093012e-14
PMEACPE,2.4603314762093012e-14
ETOHtrpp,1.9184653865522705e-13
REPHACCOAI,0.0
ACPPAT141,1.7755796832830129e-12
ACPPAT161,0.06596246848738693
ACPPAT180,1.7755796832830129e-12
APG3PAT160,0.05596470024218109
APG3PAT161,0.06596246848628894
MEOHtex,0.0
EX_5mtr_e,0.0
APG3PAT180,2.9309887850104133e-13
ICYSDS,6.195842667047757e-12
MECDPDH5,3.4139358007223564e-14
CDGR,0.0
RNTR1c2,0.022947509120586622
RNTR2c2,0.02294750912911517
I4FE4SR,1.2434497875801753e-12
S2FE2ST,2.7426949600339867e-12
BMOCOS,0.0
BWCOS,0.0
RNTR3c2,7.047324529496635e-12
RNTR4c2,0.02294750911256817
BWCOGDS1,0.0
BWCOGDS2,0.0
FLDR2,2.7272212266282736e-12
CDGS,0.0
5MTRtpp,0.0
TTRCYCtex,4.86516382736113e-12
DHNPTE,0.0
DHMPTR,0.0
NOVBCNtpp,4.86516382736113e-12
CMtex,4.86516382736113e-12
TTRCYCtpp,4.86516382736113e-12
LALALGLUtex,1.1313866510320736e-13
CBMD,1.4033219031261979e-13
LALADGLUtpp,0.0
I2FE2SS,3.8937732703935024e-12
I2FE2ST,3.8937740869332636e-12
FESR,4.326046465497058e-12
OXCOAHDH,0.0
DHACOAH,0.0
I2FE2SS2,1.2505552149377763e-12
MSAR,1.4033219031261979e-13
I4FE4ST,1.2505552149377763e-12
S4FE4ST,1.2931877790833823e-12
THFAT,1000.0
FOMETRi,1000.0
SLNTtex,0.0
S2FE2SS2,1.2931877790833823e-12
BTS5,1.77754431606483e-14
SELGTHR2,0.0
EX_LalaLglu_e,0.0
GDPTPDP,1.1358691764939977e-12
LIPOS,0.0
COLIPAKpp,0.0
ACPPAT120,1.8687273950490635e-12
3HPPtpp,1.7236212457305555e-13
MPTSS,0.0
CPMPS,0.0
LIPOCT,0.0
LIPATPT,0.0
LIPAMPL,0.0
ALDD19xr,0.0
MMM,1.3375967000683886e-12
MOGDS,0.0
CPH4S,0.0
WCOS,0.0
RFAMPtpp,9.990452909391934e-12
SHCHCS3,0.0
VPAMTr,1999.1186125375175
ACOLIPAabctex,0.0
PYK4,2.27581389021546
NADPHXD,7.156941705943609e-12
NADHHR,7.146283564907208e-12
ECA4COLIPAabctex,0.0
EX_ttrcyc_e,0.0
COLIPAPabctex,0.0
NADPHXE,7.146283564907208e-12
ALAtpp,1.8504630987237203e-11
CH4tex,0.0
EX_mincyc_e,0.0
TARTRDtex,0.0
DM_4crsol_c,9.683096338641839e-14
3OXCOAT,0.0
BTNt2ipp,0.0
URACPAH,3.3401059695847835e-13
BTNtex,0.0
DHBSZ3FEabcpp,0.0
FE3DHBZS3R,0.0
DXYLONtpp,1.2943032062784354e-13
DXYLTD,1.2943032062784354e-13
2DDARAA,1.2943032062784354e-13
2DGLCptspp,0.0
2DGULRGx,0.0
2DGULRGy,0.0
AP4AS,3.495870259939693e-12
ARBTptspp,0.0
ARBTtex,0.0
EX_arbt_e,0.0
GNP,6.991740519879386e-12
ALLTAMH2,6.71740441049451e-13
UGCIAMH,6.71740441049451e-13
DMSOtpp,0.0
POAACR,3.3401059695847835e-13
PYDXtex,0.0
PYDXtpp,0.0
SUCASPtpp,2000.0
METGLCUR,0.0
ACOAD1fr,999.6878942313306
23DOGULNt4pp,0.0
FE3DCITexs,7.263634138610087e-12
SUCMALtpp,5.207034803333954e-11
PYDXNtex,1.153716878976585e-13
FEENTERES,0.0
PYDXNtpp,1.153716878976585e-13
FEENTERR4,1.9468870959826745e-12
ACPPAT160,0.055964700247446625
DXYLONtex,1.205485364308423e-13
PYDAMtex,0.0
PYDAMtpp,0.0
PSURItex,0.0
ALR2x,6.439709876460142e-13
OMPHHXy,0.0
CHLt3pp,2.5732305175552028e-11
13PPDH2,0.0
TARTt2_3pp,1.543443151064139e-11
SUCTARTtpp,4.109934614859867e-12
APCS,0.0
CHTBSptspp,0.0
GLYBt3pp,2.3826163264573097e-11
AI2tpp,1.1866063687193673e-11
ACPPAT181,4.68247662865906e-12
Ftpp,0.0
SQVOSI,0.0
6D6SPA,0.0
CHTBStex,0.0
TRPtipp,4.143174692217144e-11
TYRtipp,4.559641553214533e-11
ThDPAT,0.0
GHBDHx,0.0
DHPStr,0.0
SQtr,0.0
DHPStex,0.0
APPLDHr,0.0
SPMDt3pp,2.1458390619955026e-12
FMNtex,0.0
APH141,1.4769296896588457e-12
EX_dxylnt_e,0.0
AI2K,9.396927680427325e-13
PHEtipp,1.5360601679503816e-11
G2PP,4.348521542851813e-12
MALt3pp,1.539035565656377e-11
CITt3pp,1.539035565656377e-11
APH161,1.051103648563867e-13
DHNPA2r,6.938893903907228e-18
QUIN2tpp,0.0
GLYC2Pabcpp,0.0
CRNDtex,0.0
SHGO,3.389288849575678e-12
CLBtex,0.0
ACOXT,0.0
EX_mththf_e,0.0
2HESR,0.0
CHOLID,0.0
CHOLATEtpp,0.0
NADHXD,3.0402347306335287e-12
NADPHHR,3.0402347306335287e-12
NADPHHS,3.0402347306335287e-12
4ABZGLUH,0.0
4ABZGLUtr,0.0
NADHHS,3.0402347306335287e-12
APH180,1.5643042416968456e-13
NADHXE,3.0260238759183267e-12
SELabcpp,0.0
PHDA,0.0
TEO2M,0.0
PACOAT,1.787014980436652e-12
CYSItpp,0.0
PYK2,2.27581389019724
PYK3,2.275813890195849
APH181,1.3429257705865894e-12
DHPTDNR,0.0
DHPTDNRN,0.0
GTHPi,6.580291866953303e-13
SEPHCHCS,0.0
DHNCOAS,0.0
PCNO,0.0
PYK6,2.2758138902001495
DHNCOAT,0.0
FADt,0.0
HPACOAT,0.0
PUACGAMtr,0.0
DC6PDA,0.0
5DGLCNR,3.1140645617711016e-12
PIt2rpp,1.6218137943724287e-11
FADtex,0.0
AI2abcpp,1.4210854715202004e-12
PAI2I,5.697664562376303e-13
4HBZt3pp,0.0
CURR,0.0
LKDRA,0.0
LEUt2rpp,4.465539049647305e-12
LCTStpp,4.565237077258644e-12
ILEt3pp,4.581890422628021e-12
METNA,0.0
METt3pp,2.1174173525650986e-12
FESD1s,7.847923699788595e-13
GSNt3pp,1.823874384854207e-12
CLtipp,2.3854906765208295e-11
5DKGR,3.1140645617711016e-12
XYHDL,0.0
2DGLCtex,0.0
E4PP,0.0
PUACGAMS,0.0
PItpp,1.1926903908943132e-11
RU5PP,0.0
EX_doxrbcn_e,0.0
6D6SFK,2.282618538629322e-13
3SLAR,2.282618538629322e-13
LEUt3pp,4.492184402238308e-12
INSt3pp,4.5712322815916195e-12
INDOLEt2rpp,1000.0
SQtex,0.0
ILEt2rpp,5.030642569181509e-12
GLYtpp,1.5349377151252508e-11
EX_dhps_e,1.1688428003253648e-12
MOX,2.539302101922658e-12
URATEtex,0.0
EX_cs1_e,0.0
EX_fusa_e,0.0
CBL1tonex,0.0
CBItonex,0.0
ARHGDx,0.0
CPL,0.0
EX_mepn_e,0.0
PSURItpp,0.0
CYSTA,0.0
FE3DCITR5,0.0
CH4t2pp,0.0
EX_cm_e,0.0
4HTHRA,2.144533248898961e-12
EX_novbcn_e,0.0
I2FE2SR,1.7539944509037397e-06
GAPP,2.6807861486233264e-12
TYRL,1.8005128638032275e-14
METGLCURt2pp,0.0
METGLCURtex,0.0
INOSTO,0.0
THZPSN3,4.636048489548017e-16
HPYRP,1.0516032489249483e-12
PSURIK,0.0
FMNt,0.0
AI2tex,1.2790132451409586e-13
PAI2T,6.865619184281968e-13
CUt2pp,0.0
Ftex,0.0
APG3PAT120,4.877209747178313e-13
CYSItex,0.0
SERtpp,1.5385792466460213e-11
QUINDHyi,0.0
DHCURR,0.0
RHMND,0.0
3HBZCT,0.0
CXSAMS,0.0
EX_2dglc_e,0.0
THRt2rpp,3.715694418815474e-12
SERt2rpp,1.5369927552910667e-11
DHGLYH,0.0
PNSPA,0.0
4HTHRK,2.7509384744120458e-12
ACOAD1f,999.6878942313318
AMPNTAT,0.0
EX_sq_e,6.856737400084967e-13
APH120,2.8668040163992714e-12
URATEtpp,1.758593271006248e-13
CS1tex,0.0
ADOCBLtonex,6.23856521997368e-12
SQGH,0.0
URAtpp,3.802735903946086e-11
ASPtpp,2000.0000000000139
FUMt1pp,2000.0
SUCCt1pp,2000.0
QUINDH,0.0
PETNT181pp,1.0611955758577096e-11
ARMEPNS,3.647215559079986e-12
LCARSyi,3.437272688699977e-11
MOCDS,0.0
BIOMASS_Ec_iML1515_core_75p37M,4.440892098500626e-16
BIOMASS_Ec_iML1515_WT_75p37M,0.0
RPNTPH,3.647215559079986e-12
PRCPD,3.647215559079986e-12
FUSAtex,4.415595666884542e-11
MEPNtex,3.647215559079986e-12
UDPGPT,0.0
MEPNabcpp,3.647215559079986e-12
OMMBLHXy,0.0
OPHHXy,5.772696123201859e-12
PROD3,9.026557279412373e-12
NOVBCNtex,4.415595666884542e-11
F1PP,1.3216094885137863e-11
ACP1p,0.0
EX_4abzglu_e,2.0217681695466894e-13
EX_rfamp_e,0.0
3HPADHi,0.0
4ABZGLUtex,0.0
QUIN2tex,0.0
2HPTCOAT,0.0
EX_metglcur_e,2.0250467969162855e-13
EX_quin_e,0.0
MC6PH,0.0
FORCT,0.0
SLNTabcpp,0.0
VALt2rpp,1.0119904914063227e-11
DHPTDCs2,1.7319842391880225e-13
VALt3pp,1.0119904914063227e-11
MN2tipp,999.9993939949303
EX_3hpp_e,2.0250467969162855e-13
PACCOAE,0.0
OXDHCOAT,0.0
HADPCOADH3,0.0
O16A4COLIPAabctex,0.0
COLIPAabctex,0.0
ENLIPAabctex,0.0
DM_mththf_c,1.7319842391880225e-13
PYROX,2.3092638912203256e-13
BMOGDS1,0.0
MPTS,0.0
MOCOS,0.0
BMOGDS2,0.0
FESD2s,0.0
OCTNLL,0.0
